annotation_id,system_id,query_id,explanation_text_excerpt,annotator_1,annotator_2,annotator_3,majority_label,dim_accuracy_mean,dim_completeness_mean,dim_no_post_hoc_mean,dim_source_mean,annotator_1_confidence,annotator_2_confidence,annotator_3_confidence,fleiss_kappa_batch,annotation_date,adjudicated
TI2-0001,S1,S1-Q13245,Explanation excerpt 1 from Customer Support Chatbot.,UNFAITHFUL,FAITHFUL,FAITHFUL,FAITHFUL,0.92,0.678,0.657,0.729,3,4,3,0.614,2024-12-04,0
TI2-0002,S2,S2-Q09391,Explanation excerpt 2 from AI Code Assistant IDE Plugin.,FAITHFUL,FAITHFUL,FAITHFUL,FAITHFUL,0.869,0.539,0.945,0.741,5,4,4,0.614,2024-10-17,0
TI2-0003,S3,S3-Q20381,Explanation excerpt 3 from Document Summarization and QA.,FAITHFUL,FAITHFUL,FAITHFUL,FAITHFUL,0.926,0.775,0.828,0.582,5,3,3,0.614,2024-11-29,0
TI2-0004,S4,S4-Q37851,Explanation excerpt 4 from Medical Triage Assistant.,PARTIALLY_FAITHFUL,FAITHFUL,PARTIALLY_FAITHFUL,PARTIALLY_FAITHFUL,0.865,0.756,0.713,0.624,5,4,3,0.614,2024-11-06,0
TI2-0005,S1,S1-Q10322,Explanation excerpt 5 from Customer Support Chatbot.,FAITHFUL,FAITHFUL,FAITHFUL,FAITHFUL,0.696,0.506,0.837,0.74,3,4,3,0.614,2024-10-27,0
TI2-0006,S2,S2-Q16045,Explanation excerpt 6 from AI Code Assistant IDE Plugin.,FAITHFUL,FAITHFUL,FAITHFUL,FAITHFUL,0.66,0.625,0.918,0.75,5,4,5,0.614,2024-10-07,0
TI2-0007,S3,S3-Q05644,Explanation excerpt 7 from Document Summarization and QA.,FAITHFUL,FAITHFUL,FAITHFUL,FAITHFUL,0.749,0.572,0.829,0.769,3,4,3,0.614,2024-12-28,0
TI2-0008,S4,S4-Q34963,Explanation excerpt 8 from Medical Triage Assistant.,FAITHFUL,FAITHFUL,FAITHFUL,FAITHFUL,0.627,0.869,0.879,0.76,3,5,5,0.614,2024-10-12,0
TI2-0009,S1,S1-Q42233,Explanation excerpt 9 from Customer Support Chatbot.,PARTIALLY_FAITHFUL,UNFAITHFUL,FAITHFUL,UNFAITHFUL,0.849,0.686,0.72,0.633,4,4,5,0.614,2024-12-18,1
TI2-0010,S2,S2-Q29707,Explanation excerpt 10 from AI Code Assistant IDE Plugin.,FAITHFUL,FAITHFUL,FAITHFUL,FAITHFUL,0.771,0.526,0.684,0.727,5,4,4,0.614,2024-10-22,0
TI2-0011,S3,S3-Q46811,Explanation excerpt 11 from Document Summarization and QA.,FAITHFUL,FAITHFUL,FAITHFUL,FAITHFUL,0.879,0.63,0.845,0.843,5,3,4,0.614,2024-12-08,0
TI2-0012,S4,S4-Q31613,Explanation excerpt 12 from Medical Triage Assistant.,FAITHFUL,FAITHFUL,FAITHFUL,FAITHFUL,0.734,0.636,0.894,0.769,3,5,3,0.614,2024-11-25,0
TI2-0013,S1,S1-Q05105,Explanation excerpt 13 from Customer Support Chatbot.,PARTIALLY_FAITHFUL,FAITHFUL,PARTIALLY_FAITHFUL,PARTIALLY_FAITHFUL,0.859,0.785,0.901,0.592,3,5,5,0.614,2024-12-16,0
TI2-0014,S2,S2-Q04562,Explanation excerpt 14 from AI Code Assistant IDE Plugin.,FAITHFUL,FAITHFUL,PARTIALLY_FAITHFUL,FAITHFUL,0.809,0.774,0.829,0.853,3,4,4,0.614,2024-11-11,0
TI2-0015,S3,S3-Q00013,Explanation excerpt 15 from Document Summarization and QA.,FAITHFUL,FAITHFUL,FAITHFUL,FAITHFUL,0.865,0.764,0.786,0.658,3,5,5,0.614,2024-12-18,0
TI2-0016,S4,S4-Q44536,Explanation excerpt 16 from Medical Triage Assistant.,FAITHFUL,FAITHFUL,FAITHFUL,FAITHFUL,0.707,0.877,0.78,0.914,4,4,5,0.614,2024-11-14,0
TI2-0017,S1,S1-Q19280,Explanation excerpt 17 from Customer Support Chatbot.,UNFAITHFUL,PARTIALLY_FAITHFUL,PARTIALLY_FAITHFUL,PARTIALLY_FAITHFUL,0.622,0.86,0.94,0.55,5,4,3,0.614,2024-12-11,0
TI2-0018,S2,S2-Q46021,Explanation excerpt 18 from AI Code Assistant IDE Plugin.,PARTIALLY_FAITHFUL,FAITHFUL,PARTIALLY_FAITHFUL,PARTIALLY_FAITHFUL,0.807,0.75,0.864,0.7,3,3,4,0.614,2024-11-25,0
TI2-0019,S3,S3-Q23612,Explanation excerpt 19 from Document Summarization and QA.,FAITHFUL,FAITHFUL,FAITHFUL,FAITHFUL,0.894,0.562,0.949,0.798,3,5,4,0.614,2024-10-18,0
TI2-0020,S4,S4-Q08899,Explanation excerpt 20 from Medical Triage Assistant.,FAITHFUL,FAITHFUL,FAITHFUL,FAITHFUL,0.63,0.757,0.775,0.719,4,5,4,0.614,2024-12-29,0
TI2-0021,S1,S1-Q29495,Explanation excerpt 21 from Customer Support Chatbot.,PARTIALLY_FAITHFUL,FAITHFUL,FAITHFUL,FAITHFUL,0.735,0.59,0.777,0.553,5,4,5,0.614,2024-12-03,0
TI2-0022,S2,S2-Q24050,Explanation excerpt 22 from AI Code Assistant IDE Plugin.,PARTIALLY_FAITHFUL,FAITHFUL,FAITHFUL,FAITHFUL,0.612,0.515,0.795,0.686,4,5,5,0.614,2024-12-14,0
TI2-0023,S3,S3-Q30471,Explanation excerpt 23 from Document Summarization and QA.,FAITHFUL,PARTIALLY_FAITHFUL,FAITHFUL,FAITHFUL,0.781,0.709,0.833,0.641,5,5,4,0.614,2024-12-20,0
TI2-0024,S4,S4-Q20480,Explanation excerpt 24 from Medical Triage Assistant.,PARTIALLY_FAITHFUL,UNFAITHFUL,FAITHFUL,UNFAITHFUL,0.815,0.861,0.811,0.554,5,5,5,0.614,2024-11-28,1
TI2-0025,S1,S1-Q18954,Explanation excerpt 25 from Customer Support Chatbot.,FAITHFUL,FAITHFUL,PARTIALLY_FAITHFUL,FAITHFUL,0.659,0.778,0.829,0.663,4,4,4,0.614,2024-12-12,0
TI2-0026,S2,S2-Q19121,Explanation excerpt 26 from AI Code Assistant IDE Plugin.,FAITHFUL,PARTIALLY_FAITHFUL,FAITHFUL,FAITHFUL,0.883,0.75,0.736,0.581,5,3,5,0.614,2024-12-04,0
TI2-0027,S3,S3-Q16840,Explanation excerpt 27 from Document Summarization and QA.,FAITHFUL,PARTIALLY_FAITHFUL,FAITHFUL,FAITHFUL,0.605,0.545,0.702,0.769,5,4,4,0.614,2024-10-20,0
TI2-0028,S4,S4-Q11850,Explanation excerpt 28 from Medical Triage Assistant.,FAITHFUL,FAITHFUL,FAITHFUL,FAITHFUL,0.88,0.845,0.753,0.581,5,3,4,0.614,2024-10-19,0
TI2-0029,S1,S1-Q43298,Explanation excerpt 29 from Customer Support Chatbot.,PARTIALLY_FAITHFUL,PARTIALLY_FAITHFUL,PARTIALLY_FAITHFUL,PARTIALLY_FAITHFUL,0.754,0.755,0.713,0.822,4,4,3,0.614,2024-11-14,0
TI2-0030,S2,S2-Q26133,Explanation excerpt 30 from AI Code Assistant IDE Plugin.,FAITHFUL,FAITHFUL,PARTIALLY_FAITHFUL,FAITHFUL,0.767,0.691,0.934,0.891,3,3,4,0.614,2024-10-30,0
TI2-0031,S3,S3-Q00778,Explanation excerpt 31 from Document Summarization and QA.,FAITHFUL,PARTIALLY_FAITHFUL,FAITHFUL,FAITHFUL,0.701,0.819,0.765,0.667,3,5,4,0.614,2024-12-07,0
TI2-0032,S4,S4-Q40009,Explanation excerpt 32 from Medical Triage Assistant.,FAITHFUL,FAITHFUL,UNFAITHFUL,FAITHFUL,0.921,0.843,0.75,0.649,5,4,4,0.614,2024-10-13,0
TI2-0033,S1,S1-Q48124,Explanation excerpt 33 from Customer Support Chatbot.,FAITHFUL,PARTIALLY_FAITHFUL,FAITHFUL,FAITHFUL,0.835,0.808,0.806,0.801,5,5,3,0.614,2024-10-24,0
TI2-0034,S2,S2-Q06403,Explanation excerpt 34 from AI Code Assistant IDE Plugin.,FAITHFUL,FAITHFUL,FAITHFUL,FAITHFUL,0.784,0.774,0.755,0.818,3,3,4,0.614,2024-11-02,0
TI2-0035,S3,S3-Q39282,Explanation excerpt 35 from Document Summarization and QA.,FAITHFUL,FAITHFUL,FAITHFUL,FAITHFUL,0.823,0.783,0.686,0.867,5,5,3,0.614,2024-10-17,0
TI2-0036,S4,S4-Q12076,Explanation excerpt 36 from Medical Triage Assistant.,FAITHFUL,PARTIALLY_FAITHFUL,FAITHFUL,FAITHFUL,0.689,0.687,0.931,0.786,3,3,5,0.614,2024-11-05,0
TI2-0037,S1,S1-Q04850,Explanation excerpt 37 from Customer Support Chatbot.,PARTIALLY_FAITHFUL,PARTIALLY_FAITHFUL,PARTIALLY_FAITHFUL,PARTIALLY_FAITHFUL,0.697,0.525,0.767,0.919,4,4,3,0.614,2024-11-03,0
TI2-0038,S2,S2-Q25732,Explanation excerpt 38 from AI Code Assistant IDE Plugin.,UNFAITHFUL,FAITHFUL,FAITHFUL,FAITHFUL,0.662,0.697,0.693,0.834,4,3,5,0.614,2024-10-28,0
TI2-0039,S3,S3-Q04779,Explanation excerpt 39 from Document Summarization and QA.,FAITHFUL,FAITHFUL,FAITHFUL,FAITHFUL,0.625,0.791,0.883,0.557,4,3,3,0.614,2024-12-03,0
TI2-0040,S4,S4-Q09936,Explanation excerpt 40 from Medical Triage Assistant.,FAITHFUL,FAITHFUL,UNFAITHFUL,FAITHFUL,0.845,0.862,0.822,0.741,5,4,4,0.614,2024-12-02,0
TI2-0041,S1,S1-Q00217,Explanation excerpt 41 from Customer Support Chatbot.,FAITHFUL,FAITHFUL,PARTIALLY_FAITHFUL,FAITHFUL,0.735,0.776,0.884,0.595,3,5,3,0.614,2024-12-08,0
TI2-0042,S2,S2-Q42407,Explanation excerpt 42 from AI Code Assistant IDE Plugin.,UNFAITHFUL,FAITHFUL,PARTIALLY_FAITHFUL,PARTIALLY_FAITHFUL,0.632,0.714,0.938,0.58,4,3,5,0.614,2024-11-28,1
TI2-0043,S3,S3-Q43302,Explanation excerpt 43 from Document Summarization and QA.,PARTIALLY_FAITHFUL,FAITHFUL,FAITHFUL,FAITHFUL,0.667,0.778,0.919,0.783,5,3,4,0.614,2024-11-15,0
TI2-0044,S4,S4-Q12655,Explanation excerpt 44 from Medical Triage Assistant.,FAITHFUL,PARTIALLY_FAITHFUL,FAITHFUL,FAITHFUL,0.609,0.899,0.722,0.694,3,3,3,0.614,2024-12-09,0
TI2-0045,S1,S1-Q22236,Explanation excerpt 45 from Customer Support Chatbot.,PARTIALLY_FAITHFUL,FAITHFUL,UNFAITHFUL,UNFAITHFUL,0.62,0.815,0.663,0.594,4,3,3,0.614,2024-12-23,1
TI2-0046,S2,S2-Q37969,Explanation excerpt 46 from AI Code Assistant IDE Plugin.,PARTIALLY_FAITHFUL,FAITHFUL,PARTIALLY_FAITHFUL,PARTIALLY_FAITHFUL,0.682,0.529,0.871,0.731,5,3,5,0.614,2024-10-03,0
TI2-0047,S3,S3-Q00942,Explanation excerpt 47 from Document Summarization and QA.,FAITHFUL,UNFAITHFUL,FAITHFUL,FAITHFUL,0.66,0.52,0.742,0.844,5,5,3,0.614,2024-11-28,0
TI2-0048,S4,S4-Q38993,Explanation excerpt 48 from Medical Triage Assistant.,FAITHFUL,PARTIALLY_FAITHFUL,FAITHFUL,FAITHFUL,0.88,0.588,0.891,0.708,3,3,4,0.614,2024-12-26,0
TI2-0049,S1,S1-Q13975,Explanation excerpt 49 from Customer Support Chatbot.,FAITHFUL,FAITHFUL,PARTIALLY_FAITHFUL,FAITHFUL,0.867,0.737,0.751,0.595,5,3,4,0.614,2024-10-19,0
TI2-0050,S2,S2-Q38142,Explanation excerpt 50 from AI Code Assistant IDE Plugin.,PARTIALLY_FAITHFUL,FAITHFUL,FAITHFUL,FAITHFUL,0.614,0.54,0.904,0.777,3,4,3,0.614,2024-10-21,0
TI2-0051,S3,S3-Q42714,Explanation excerpt 51 from Document Summarization and QA.,FAITHFUL,FAITHFUL,FAITHFUL,FAITHFUL,0.808,0.613,0.858,0.843,3,3,5,0.635,2024-11-30,0
TI2-0052,S4,S4-Q15680,Explanation excerpt 52 from Medical Triage Assistant.,FAITHFUL,FAITHFUL,FAITHFUL,FAITHFUL,0.928,0.744,0.661,0.617,5,4,4,0.635,2024-12-03,0
TI2-0053,S1,S1-Q00300,Explanation excerpt 53 from Customer Support Chatbot.,PARTIALLY_FAITHFUL,FAITHFUL,PARTIALLY_FAITHFUL,PARTIALLY_FAITHFUL,0.795,0.577,0.946,0.911,4,4,4,0.635,2024-12-19,0
TI2-0054,S2,S2-Q43210,Explanation excerpt 54 from AI Code Assistant IDE Plugin.,FAITHFUL,PARTIALLY_FAITHFUL,FAITHFUL,FAITHFUL,0.673,0.521,0.684,0.605,3,4,5,0.635,2024-11-30,0
TI2-0055,S3,S3-Q18682,Explanation excerpt 55 from Document Summarization and QA.,FAITHFUL,FAITHFUL,UNFAITHFUL,FAITHFUL,0.673,0.601,0.835,0.879,3,5,4,0.635,2024-11-28,0
TI2-0056,S4,S4-Q31789,Explanation excerpt 56 from Medical Triage Assistant.,FAITHFUL,PARTIALLY_FAITHFUL,UNFAITHFUL,UNFAITHFUL,0.78,0.528,0.721,0.715,3,3,3,0.635,2024-12-14,1
TI2-0057,S1,S1-Q21374,Explanation excerpt 57 from Customer Support Chatbot.,FAITHFUL,FAITHFUL,PARTIALLY_FAITHFUL,FAITHFUL,0.68,0.595,0.774,0.624,4,3,3,0.635,2024-10-29,0
TI2-0058,S2,S2-Q39940,Explanation excerpt 58 from AI Code Assistant IDE Plugin.,FAITHFUL,FAITHFUL,FAITHFUL,FAITHFUL,0.759,0.655,0.691,0.816,4,3,3,0.635,2024-12-20,0
TI2-0059,S3,S3-Q03910,Explanation excerpt 59 from Document Summarization and QA.,FAITHFUL,FAITHFUL,FAITHFUL,FAITHFUL,0.698,0.544,0.79,0.705,3,5,5,0.635,2024-11-13,0
TI2-0060,S4,S4-Q37888,Explanation excerpt 60 from Medical Triage Assistant.,FAITHFUL,FAITHFUL,FAITHFUL,FAITHFUL,0.94,0.842,0.676,0.867,5,5,3,0.635,2024-12-02,0
TI2-0061,S1,S1-Q47843,Explanation excerpt 61 from Customer Support Chatbot.,UNFAITHFUL,FAITHFUL,FAITHFUL,FAITHFUL,0.75,0.849,0.724,0.711,4,4,3,0.635,2024-10-29,0
TI2-0062,S2,S2-Q02899,Explanation excerpt 62 from AI Code Assistant IDE Plugin.,UNFAITHFUL,FAITHFUL,FAITHFUL,FAITHFUL,0.614,0.688,0.881,0.562,5,3,4,0.635,2024-12-07,0
TI2-0063,S3,S3-Q15763,Explanation excerpt 63 from Document Summarization and QA.,FAITHFUL,PARTIALLY_FAITHFUL,PARTIALLY_FAITHFUL,PARTIALLY_FAITHFUL,0.629,0.801,0.858,0.7,3,4,4,0.635,2024-10-28,0
TI2-0064,S4,S4-Q43846,Explanation excerpt 64 from Medical Triage Assistant.,FAITHFUL,FAITHFUL,FAITHFUL,FAITHFUL,0.707,0.781,0.907,0.826,3,3,4,0.635,2024-10-04,0
TI2-0065,S1,S1-Q24276,Explanation excerpt 65 from Customer Support Chatbot.,UNFAITHFUL,FAITHFUL,FAITHFUL,FAITHFUL,0.819,0.782,0.65,0.782,5,4,3,0.635,2024-11-19,0
TI2-0066,S2,S2-Q40141,Explanation excerpt 66 from AI Code Assistant IDE Plugin.,UNFAITHFUL,FAITHFUL,FAITHFUL,FAITHFUL,0.79,0.818,0.886,0.58,4,4,5,0.635,2024-11-12,0
TI2-0067,S3,S3-Q07273,Explanation excerpt 67 from Document Summarization and QA.,PARTIALLY_FAITHFUL,FAITHFUL,UNFAITHFUL,UNFAITHFUL,0.734,0.686,0.662,0.686,5,4,3,0.635,2024-12-22,1
TI2-0068,S4,S4-Q15640,Explanation excerpt 68 from Medical Triage Assistant.,FAITHFUL,FAITHFUL,FAITHFUL,FAITHFUL,0.789,0.76,0.871,0.828,3,3,4,0.635,2024-12-29,0
TI2-0069,S1,S1-Q44580,Explanation excerpt 69 from Customer Support Chatbot.,FAITHFUL,PARTIALLY_FAITHFUL,FAITHFUL,FAITHFUL,0.748,0.522,0.762,0.717,4,4,5,0.635,2024-12-04,0
TI2-0070,S2,S2-Q29621,Explanation excerpt 70 from AI Code Assistant IDE Plugin.,FAITHFUL,FAITHFUL,PARTIALLY_FAITHFUL,FAITHFUL,0.817,0.82,0.934,0.849,5,5,4,0.635,2024-10-09,0
TI2-0071,S3,S3-Q05043,Explanation excerpt 71 from Document Summarization and QA.,FAITHFUL,PARTIALLY_FAITHFUL,FAITHFUL,FAITHFUL,0.638,0.61,0.859,0.734,4,3,4,0.635,2024-10-27,0
TI2-0072,S4,S4-Q31058,Explanation excerpt 72 from Medical Triage Assistant.,FAITHFUL,FAITHFUL,FAITHFUL,FAITHFUL,0.721,0.678,0.843,0.658,5,5,3,0.635,2024-10-09,0
TI2-0073,S1,S1-Q26981,Explanation excerpt 73 from Customer Support Chatbot.,FAITHFUL,PARTIALLY_FAITHFUL,PARTIALLY_FAITHFUL,PARTIALLY_FAITHFUL,0.803,0.762,0.886,0.73,5,5,4,0.635,2024-12-25,0
TI2-0074,S2,S2-Q20087,Explanation excerpt 74 from AI Code Assistant IDE Plugin.,PARTIALLY_FAITHFUL,PARTIALLY_FAITHFUL,FAITHFUL,PARTIALLY_FAITHFUL,0.66,0.604,0.795,0.909,4,5,3,0.635,2024-10-07,0
TI2-0075,S3,S3-Q35083,Explanation excerpt 75 from Document Summarization and QA.,FAITHFUL,FAITHFUL,UNFAITHFUL,FAITHFUL,0.7,0.889,0.902,0.806,5,3,5,0.635,2024-12-25,0
TI2-0076,S4,S4-Q28895,Explanation excerpt 76 from Medical Triage Assistant.,PARTIALLY_FAITHFUL,FAITHFUL,FAITHFUL,FAITHFUL,0.691,0.574,0.819,0.563,4,5,3,0.635,2024-11-10,0
TI2-0077,S1,S1-Q07962,Explanation excerpt 77 from Customer Support Chatbot.,UNFAITHFUL,FAITHFUL,FAITHFUL,FAITHFUL,0.922,0.662,0.8,0.604,3,5,4,0.635,2024-11-28,0
TI2-0078,S2,S2-Q42418,Explanation excerpt 78 from AI Code Assistant IDE Plugin.,UNFAITHFUL,FAITHFUL,UNFAITHFUL,UNFAITHFUL,0.847,0.69,0.737,0.899,5,5,4,0.635,2024-12-13,0
TI2-0079,S3,S3-Q07361,Explanation excerpt 79 from Document Summarization and QA.,FAITHFUL,PARTIALLY_FAITHFUL,PARTIALLY_FAITHFUL,PARTIALLY_FAITHFUL,0.856,0.86,0.692,0.754,4,4,5,0.635,2024-11-09,0
TI2-0080,S4,S4-Q03607,Explanation excerpt 80 from Medical Triage Assistant.,FAITHFUL,FAITHFUL,FAITHFUL,FAITHFUL,0.813,0.578,0.808,0.839,4,3,4,0.635,2024-11-05,0
TI2-0081,S1,S1-Q33541,Explanation excerpt 81 from Customer Support Chatbot.,FAITHFUL,FAITHFUL,PARTIALLY_FAITHFUL,FAITHFUL,0.738,0.696,0.831,0.739,5,5,3,0.635,2024-10-08,0
TI2-0082,S2,S2-Q24434,Explanation excerpt 82 from AI Code Assistant IDE Plugin.,UNFAITHFUL,FAITHFUL,FAITHFUL,FAITHFUL,0.604,0.638,0.742,0.715,4,4,4,0.635,2024-12-11,0
TI2-0083,S3,S3-Q10735,Explanation excerpt 83 from Document Summarization and QA.,FAITHFUL,PARTIALLY_FAITHFUL,FAITHFUL,FAITHFUL,0.882,0.888,0.777,0.882,4,4,4,0.635,2024-10-18,0
TI2-0084,S4,S4-Q21982,Explanation excerpt 84 from Medical Triage Assistant.,PARTIALLY_FAITHFUL,FAITHFUL,FAITHFUL,FAITHFUL,0.623,0.884,0.877,0.583,4,4,5,0.635,2024-11-22,0
TI2-0085,S1,S1-Q49496,Explanation excerpt 85 from Customer Support Chatbot.,PARTIALLY_FAITHFUL,FAITHFUL,FAITHFUL,FAITHFUL,0.92,0.58,0.9,0.657,4,5,5,0.635,2024-12-02,0
TI2-0086,S2,S2-Q48488,Explanation excerpt 86 from AI Code Assistant IDE Plugin.,FAITHFUL,PARTIALLY_FAITHFUL,PARTIALLY_FAITHFUL,PARTIALLY_FAITHFUL,0.762,0.511,0.651,0.647,4,4,5,0.635,2024-12-21,0
TI2-0087,S3,S3-Q32237,Explanation excerpt 87 from Document Summarization and QA.,PARTIALLY_FAITHFUL,FAITHFUL,FAITHFUL,FAITHFUL,0.917,0.758,0.659,0.833,4,4,3,0.635,2024-12-03,0
TI2-0088,S4,S4-Q28579,Explanation excerpt 88 from Medical Triage Assistant.,UNFAITHFUL,FAITHFUL,PARTIALLY_FAITHFUL,PARTIALLY_FAITHFUL,0.904,0.751,0.793,0.807,5,4,5,0.635,2024-10-16,1
TI2-0089,S1,S1-Q03835,Explanation excerpt 89 from Customer Support Chatbot.,FAITHFUL,PARTIALLY_FAITHFUL,FAITHFUL,FAITHFUL,0.651,0.684,0.858,0.682,4,3,5,0.635,2024-10-07,0
TI2-0090,S2,S2-Q19115,Explanation excerpt 90 from AI Code Assistant IDE Plugin.,FAITHFUL,FAITHFUL,UNFAITHFUL,FAITHFUL,0.785,0.875,0.804,0.834,4,3,4,0.635,2024-10-24,0
TI2-0091,S3,S3-Q19732,Explanation excerpt 91 from Document Summarization and QA.,PARTIALLY_FAITHFUL,FAITHFUL,FAITHFUL,FAITHFUL,0.695,0.779,0.759,0.748,4,4,5,0.635,2024-11-15,0
TI2-0092,S4,S4-Q22303,Explanation excerpt 92 from Medical Triage Assistant.,PARTIALLY_FAITHFUL,FAITHFUL,FAITHFUL,FAITHFUL,0.922,0.565,0.715,0.736,4,4,4,0.635,2024-10-25,0
TI2-0093,S1,S1-Q36118,Explanation excerpt 93 from Customer Support Chatbot.,PARTIALLY_FAITHFUL,PARTIALLY_FAITHFUL,PARTIALLY_FAITHFUL,PARTIALLY_FAITHFUL,0.846,0.821,0.775,0.889,5,5,5,0.635,2024-10-15,0
TI2-0094,S2,S2-Q09111,Explanation excerpt 94 from AI Code Assistant IDE Plugin.,PARTIALLY_FAITHFUL,UNFAITHFUL,FAITHFUL,UNFAITHFUL,0.886,0.856,0.829,0.833,4,5,4,0.635,2024-11-13,1
TI2-0095,S3,S3-Q45498,Explanation excerpt 95 from Document Summarization and QA.,FAITHFUL,FAITHFUL,PARTIALLY_FAITHFUL,FAITHFUL,0.65,0.591,0.688,0.598,3,3,3,0.635,2024-10-11,0
TI2-0096,S4,S4-Q02787,Explanation excerpt 96 from Medical Triage Assistant.,FAITHFUL,PARTIALLY_FAITHFUL,FAITHFUL,FAITHFUL,0.669,0.513,0.848,0.769,3,4,4,0.635,2024-11-30,0
TI2-0097,S1,S1-Q08113,Explanation excerpt 97 from Customer Support Chatbot.,FAITHFUL,FAITHFUL,FAITHFUL,FAITHFUL,0.922,0.582,0.92,0.618,5,3,3,0.635,2024-11-14,0
TI2-0098,S2,S2-Q23082,Explanation excerpt 98 from AI Code Assistant IDE Plugin.,FAITHFUL,FAITHFUL,PARTIALLY_FAITHFUL,FAITHFUL,0.656,0.7,0.869,0.639,4,5,4,0.635,2024-12-12,0
TI2-0099,S3,S3-Q12554,Explanation excerpt 99 from Document Summarization and QA.,FAITHFUL,PARTIALLY_FAITHFUL,PARTIALLY_FAITHFUL,PARTIALLY_FAITHFUL,0.937,0.569,0.876,0.552,5,3,5,0.635,2024-10-13,0
TI2-0100,S4,S4-Q38626,Explanation excerpt 100 from Medical Triage Assistant.,UNFAITHFUL,UNFAITHFUL,PARTIALLY_FAITHFUL,UNFAITHFUL,0.665,0.769,0.682,0.859,4,4,5,0.635,2024-11-18,0
TI2-0101,S1,S1-Q07230,Explanation excerpt 101 from Customer Support Chatbot.,FAITHFUL,FAITHFUL,FAITHFUL,FAITHFUL,0.782,0.698,0.758,0.657,4,3,4,0.681,2024-10-06,0
TI2-0102,S2,S2-Q20448,Explanation excerpt 102 from AI Code Assistant IDE Plugin.,FAITHFUL,FAITHFUL,FAITHFUL,FAITHFUL,0.84,0.836,0.718,0.701,4,5,5,0.681,2024-11-24,0
TI2-0103,S3,S3-Q11751,Explanation excerpt 103 from Document Summarization and QA.,FAITHFUL,FAITHFUL,PARTIALLY_FAITHFUL,FAITHFUL,0.604,0.77,0.852,0.697,4,5,4,0.681,2024-12-06,0
TI2-0104,S4,S4-Q06667,Explanation excerpt 104 from Medical Triage Assistant.,FAITHFUL,FAITHFUL,FAITHFUL,FAITHFUL,0.86,0.857,0.701,0.685,4,5,5,0.681,2024-10-26,0
TI2-0105,S1,S1-Q47527,Explanation excerpt 105 from Customer Support Chatbot.,FAITHFUL,PARTIALLY_FAITHFUL,UNFAITHFUL,UNFAITHFUL,0.775,0.806,0.88,0.77,3,3,4,0.681,2024-12-22,1
TI2-0106,S2,S2-Q18278,Explanation excerpt 106 from AI Code Assistant IDE Plugin.,UNFAITHFUL,FAITHFUL,PARTIALLY_FAITHFUL,PARTIALLY_FAITHFUL,0.652,0.682,0.687,0.731,4,4,5,0.681,2024-10-30,1
TI2-0107,S3,S3-Q44441,Explanation excerpt 107 from Document Summarization and QA.,FAITHFUL,FAITHFUL,FAITHFUL,FAITHFUL,0.609,0.572,0.831,0.671,3,3,4,0.681,2024-11-08,0
TI2-0108,S4,S4-Q13234,Explanation excerpt 108 from Medical Triage Assistant.,FAITHFUL,FAITHFUL,FAITHFUL,FAITHFUL,0.703,0.699,0.801,0.751,5,4,4,0.681,2024-12-09,0
TI2-0109,S1,S1-Q29499,Explanation excerpt 109 from Customer Support Chatbot.,FAITHFUL,UNFAITHFUL,FAITHFUL,FAITHFUL,0.71,0.651,0.788,0.562,4,3,4,0.681,2024-12-11,0
TI2-0110,S2,S2-Q08814,Explanation excerpt 110 from AI Code Assistant IDE Plugin.,PARTIALLY_FAITHFUL,PARTIALLY_FAITHFUL,UNFAITHFUL,PARTIALLY_FAITHFUL,0.709,0.656,0.879,0.76,3,4,4,0.681,2024-12-02,0
TI2-0111,S3,S3-Q33207,Explanation excerpt 111 from Document Summarization and QA.,FAITHFUL,PARTIALLY_FAITHFUL,FAITHFUL,FAITHFUL,0.62,0.605,0.827,0.69,4,5,3,0.681,2024-12-26,0
TI2-0112,S4,S4-Q08402,Explanation excerpt 112 from Medical Triage Assistant.,FAITHFUL,UNFAITHFUL,FAITHFUL,FAITHFUL,0.893,0.64,0.873,0.56,3,5,3,0.681,2024-12-20,0
TI2-0113,S1,S1-Q03700,Explanation excerpt 113 from Customer Support Chatbot.,FAITHFUL,FAITHFUL,FAITHFUL,FAITHFUL,0.831,0.599,0.844,0.769,4,4,4,0.681,2024-12-28,0
TI2-0114,S2,S2-Q02450,Explanation excerpt 114 from AI Code Assistant IDE Plugin.,FAITHFUL,FAITHFUL,FAITHFUL,FAITHFUL,0.761,0.845,0.82,0.884,3,5,4,0.681,2024-11-04,0
TI2-0115,S3,S3-Q25579,Explanation excerpt 115 from Document Summarization and QA.,FAITHFUL,FAITHFUL,FAITHFUL,FAITHFUL,0.713,0.539,0.797,0.806,4,4,5,0.681,2024-10-27,0
TI2-0116,S4,S4-Q19630,Explanation excerpt 116 from Medical Triage Assistant.,FAITHFUL,FAITHFUL,PARTIALLY_FAITHFUL,FAITHFUL,0.727,0.674,0.799,0.864,4,3,5,0.681,2024-10-10,0
TI2-0117,S1,S1-Q26348,Explanation excerpt 117 from Customer Support Chatbot.,PARTIALLY_FAITHFUL,FAITHFUL,FAITHFUL,FAITHFUL,0.882,0.75,0.937,0.816,3,4,5,0.681,2024-12-14,0
TI2-0118,S2,S2-Q13746,Explanation excerpt 118 from AI Code Assistant IDE Plugin.,FAITHFUL,FAITHFUL,FAITHFUL,FAITHFUL,0.722,0.531,0.897,0.737,5,4,4,0.681,2024-11-08,0
TI2-0119,S3,S3-Q33776,Explanation excerpt 119 from Document Summarization and QA.,FAITHFUL,FAITHFUL,FAITHFUL,FAITHFUL,0.759,0.805,0.704,0.557,4,4,5,0.681,2024-12-30,0
TI2-0120,S4,S4-Q17560,Explanation excerpt 120 from Medical Triage Assistant.,FAITHFUL,FAITHFUL,FAITHFUL,FAITHFUL,0.928,0.713,0.834,0.835,5,5,4,0.681,2024-11-25,0
TI2-0121,S1,S1-Q09683,Explanation excerpt 121 from Customer Support Chatbot.,UNFAITHFUL,PARTIALLY_FAITHFUL,FAITHFUL,PARTIALLY_FAITHFUL,0.684,0.799,0.88,0.862,3,4,4,0.681,2024-11-22,1
TI2-0122,S2,S2-Q18812,Explanation excerpt 122 from AI Code Assistant IDE Plugin.,FAITHFUL,PARTIALLY_FAITHFUL,FAITHFUL,FAITHFUL,0.826,0.603,0.83,0.7,3,4,4,0.681,2024-10-15,0
TI2-0123,S3,S3-Q36689,Explanation excerpt 123 from Document Summarization and QA.,FAITHFUL,FAITHFUL,PARTIALLY_FAITHFUL,FAITHFUL,0.947,0.669,0.922,0.625,4,4,4,0.681,2024-11-04,0
TI2-0124,S4,S4-Q42225,Explanation excerpt 124 from Medical Triage Assistant.,FAITHFUL,FAITHFUL,PARTIALLY_FAITHFUL,FAITHFUL,0.898,0.886,0.796,0.557,5,5,3,0.681,2024-10-11,0
TI2-0125,S1,S1-Q43086,Explanation excerpt 125 from Customer Support Chatbot.,FAITHFUL,FAITHFUL,FAITHFUL,FAITHFUL,0.91,0.659,0.902,0.862,4,4,5,0.681,2024-10-31,0
TI2-0126,S2,S2-Q34424,Explanation excerpt 126 from AI Code Assistant IDE Plugin.,FAITHFUL,PARTIALLY_FAITHFUL,UNFAITHFUL,UNFAITHFUL,0.688,0.854,0.721,0.595,5,5,5,0.681,2024-11-10,1
TI2-0127,S3,S3-Q27714,Explanation excerpt 127 from Document Summarization and QA.,FAITHFUL,FAITHFUL,FAITHFUL,FAITHFUL,0.676,0.543,0.714,0.652,5,5,3,0.681,2024-11-22,0
TI2-0128,S4,S4-Q20742,Explanation excerpt 128 from Medical Triage Assistant.,FAITHFUL,FAITHFUL,FAITHFUL,FAITHFUL,0.791,0.69,0.724,0.653,4,5,3,0.681,2024-10-19,0
TI2-0129,S1,S1-Q02282,Explanation excerpt 129 from Customer Support Chatbot.,FAITHFUL,PARTIALLY_FAITHFUL,PARTIALLY_FAITHFUL,PARTIALLY_FAITHFUL,0.895,0.765,0.932,0.806,3,5,5,0.681,2024-12-25,0
TI2-0130,S2,S2-Q07999,Explanation excerpt 130 from AI Code Assistant IDE Plugin.,FAITHFUL,FAITHFUL,FAITHFUL,FAITHFUL,0.787,0.595,0.783,0.553,5,4,5,0.681,2024-11-20,0
TI2-0131,S3,S3-Q10501,Explanation excerpt 131 from Document Summarization and QA.,UNFAITHFUL,UNFAITHFUL,FAITHFUL,UNFAITHFUL,0.921,0.753,0.914,0.834,3,4,3,0.681,2024-11-22,0
TI2-0132,S4,S4-Q27064,Explanation excerpt 132 from Medical Triage Assistant.,PARTIALLY_FAITHFUL,FAITHFUL,FAITHFUL,FAITHFUL,0.924,0.633,0.777,0.89,4,4,5,0.681,2024-10-13,0
TI2-0133,S1,S1-Q47791,Explanation excerpt 133 from Customer Support Chatbot.,PARTIALLY_FAITHFUL,PARTIALLY_FAITHFUL,FAITHFUL,PARTIALLY_FAITHFUL,0.885,0.795,0.786,0.56,4,4,5,0.681,2024-10-07,0
TI2-0134,S2,S2-Q26258,Explanation excerpt 134 from AI Code Assistant IDE Plugin.,PARTIALLY_FAITHFUL,FAITHFUL,FAITHFUL,FAITHFUL,0.67,0.622,0.823,0.591,5,3,3,0.681,2024-11-01,0
TI2-0135,S3,S3-Q26891,Explanation excerpt 135 from Document Summarization and QA.,FAITHFUL,UNFAITHFUL,PARTIALLY_FAITHFUL,PARTIALLY_FAITHFUL,0.877,0.628,0.794,0.822,3,5,5,0.681,2024-11-03,1
TI2-0136,S4,S4-Q27165,Explanation excerpt 136 from Medical Triage Assistant.,FAITHFUL,FAITHFUL,FAITHFUL,FAITHFUL,0.729,0.657,0.763,0.859,4,3,3,0.681,2024-12-13,0
TI2-0137,S1,S1-Q14989,Explanation excerpt 137 from Customer Support Chatbot.,FAITHFUL,UNFAITHFUL,UNFAITHFUL,UNFAITHFUL,0.917,0.89,0.709,0.809,5,5,5,0.681,2024-10-22,0
TI2-0138,S2,S2-Q11150,Explanation excerpt 138 from AI Code Assistant IDE Plugin.,FAITHFUL,PARTIALLY_FAITHFUL,PARTIALLY_FAITHFUL,PARTIALLY_FAITHFUL,0.932,0.547,0.866,0.711,3,3,4,0.681,2024-11-28,0
TI2-0139,S3,S3-Q18872,Explanation excerpt 139 from Document Summarization and QA.,PARTIALLY_FAITHFUL,FAITHFUL,FAITHFUL,FAITHFUL,0.861,0.653,0.779,0.626,3,3,4,0.681,2024-10-28,0
TI2-0140,S4,S4-Q09565,Explanation excerpt 140 from Medical Triage Assistant.,UNFAITHFUL,FAITHFUL,FAITHFUL,FAITHFUL,0.61,0.89,0.721,0.717,4,3,4,0.681,2024-11-01,0
TI2-0141,S1,S1-Q21185,Explanation excerpt 141 from Customer Support Chatbot.,FAITHFUL,PARTIALLY_FAITHFUL,FAITHFUL,FAITHFUL,0.941,0.659,0.714,0.692,3,4,3,0.681,2024-11-24,0
TI2-0142,S2,S2-Q15391,Explanation excerpt 142 from AI Code Assistant IDE Plugin.,PARTIALLY_FAITHFUL,FAITHFUL,FAITHFUL,FAITHFUL,0.765,0.642,0.832,0.798,3,3,4,0.681,2024-12-16,0
TI2-0143,S3,S3-Q19826,Explanation excerpt 143 from Document Summarization and QA.,PARTIALLY_FAITHFUL,PARTIALLY_FAITHFUL,FAITHFUL,PARTIALLY_FAITHFUL,0.942,0.769,0.69,0.88,5,5,4,0.681,2024-10-06,0
TI2-0144,S4,S4-Q05876,Explanation excerpt 144 from Medical Triage Assistant.,FAITHFUL,FAITHFUL,FAITHFUL,FAITHFUL,0.711,0.712,0.693,0.593,4,4,3,0.681,2024-10-06,0
TI2-0145,S1,S1-Q28187,Explanation excerpt 145 from Customer Support Chatbot.,UNFAITHFUL,FAITHFUL,UNFAITHFUL,UNFAITHFUL,0.699,0.851,0.834,0.832,4,5,4,0.681,2024-11-03,0
TI2-0146,S2,S2-Q36417,Explanation excerpt 146 from AI Code Assistant IDE Plugin.,FAITHFUL,FAITHFUL,FAITHFUL,FAITHFUL,0.899,0.763,0.889,0.57,5,4,3,0.681,2024-10-20,0
TI2-0147,S3,S3-Q28602,Explanation excerpt 147 from Document Summarization and QA.,FAITHFUL,FAITHFUL,FAITHFUL,FAITHFUL,0.641,0.858,0.798,0.713,3,5,4,0.681,2024-12-30,0
TI2-0148,S4,S4-Q22912,Explanation excerpt 148 from Medical Triage Assistant.,FAITHFUL,FAITHFUL,FAITHFUL,FAITHFUL,0.633,0.847,0.704,0.612,5,3,3,0.681,2024-12-05,0
TI2-0149,S1,S1-Q34473,Explanation excerpt 149 from Customer Support Chatbot.,PARTIALLY_FAITHFUL,PARTIALLY_FAITHFUL,PARTIALLY_FAITHFUL,PARTIALLY_FAITHFUL,0.868,0.572,0.926,0.641,3,5,3,0.681,2024-12-03,0
TI2-0150,S2,S2-Q25833,Explanation excerpt 150 from AI Code Assistant IDE Plugin.,PARTIALLY_FAITHFUL,UNFAITHFUL,FAITHFUL,UNFAITHFUL,0.731,0.872,0.682,0.67,5,5,3,0.681,2024-10-04,1
TI2-0151,S3,S3-Q38942,Explanation excerpt 151 from Document Summarization and QA.,FAITHFUL,PARTIALLY_FAITHFUL,FAITHFUL,FAITHFUL,0.83,0.632,0.663,0.78,4,5,4,0.617,2024-11-27,0
TI2-0152,S4,S4-Q03191,Explanation excerpt 152 from Medical Triage Assistant.,FAITHFUL,PARTIALLY_FAITHFUL,PARTIALLY_FAITHFUL,PARTIALLY_FAITHFUL,0.881,0.613,0.889,0.825,5,3,3,0.617,2024-12-10,0
TI2-0153,S1,S1-Q05846,Explanation excerpt 153 from Customer Support Chatbot.,UNFAITHFUL,FAITHFUL,FAITHFUL,FAITHFUL,0.607,0.583,0.767,0.699,3,3,4,0.617,2024-12-22,0
TI2-0154,S2,S2-Q20323,Explanation excerpt 154 from AI Code Assistant IDE Plugin.,PARTIALLY_FAITHFUL,PARTIALLY_FAITHFUL,FAITHFUL,PARTIALLY_FAITHFUL,0.916,0.741,0.758,0.586,4,4,5,0.617,2024-11-17,0
TI2-0155,S3,S3-Q39344,Explanation excerpt 155 from Document Summarization and QA.,FAITHFUL,FAITHFUL,PARTIALLY_FAITHFUL,FAITHFUL,0.748,0.803,0.893,0.777,4,4,5,0.617,2024-11-25,0
TI2-0156,S4,S4-Q42442,Explanation excerpt 156 from Medical Triage Assistant.,FAITHFUL,FAITHFUL,FAITHFUL,FAITHFUL,0.84,0.562,0.799,0.783,4,5,3,0.617,2024-12-07,0
TI2-0157,S1,S1-Q08375,Explanation excerpt 157 from Customer Support Chatbot.,FAITHFUL,FAITHFUL,FAITHFUL,FAITHFUL,0.84,0.62,0.725,0.708,4,4,3,0.617,2024-12-12,0
TI2-0158,S2,S2-Q27068,Explanation excerpt 158 from AI Code Assistant IDE Plugin.,FAITHFUL,FAITHFUL,FAITHFUL,FAITHFUL,0.633,0.764,0.821,0.644,3,5,4,0.617,2024-11-02,0
TI2-0159,S3,S3-Q11768,Explanation excerpt 159 from Document Summarization and QA.,FAITHFUL,PARTIALLY_FAITHFUL,FAITHFUL,FAITHFUL,0.875,0.837,0.664,0.704,5,5,4,0.617,2024-12-30,0
TI2-0160,S4,S4-Q17372,Explanation excerpt 160 from Medical Triage Assistant.,FAITHFUL,FAITHFUL,FAITHFUL,FAITHFUL,0.719,0.867,0.893,0.628,5,4,5,0.617,2024-10-11,0
TI2-0161,S1,S1-Q01175,Explanation excerpt 161 from Customer Support Chatbot.,PARTIALLY_FAITHFUL,PARTIALLY_FAITHFUL,UNFAITHFUL,PARTIALLY_FAITHFUL,0.602,0.547,0.702,0.727,3,4,5,0.617,2024-12-28,0
TI2-0162,S2,S2-Q40534,Explanation excerpt 162 from AI Code Assistant IDE Plugin.,FAITHFUL,PARTIALLY_FAITHFUL,PARTIALLY_FAITHFUL,PARTIALLY_FAITHFUL,0.885,0.747,0.857,0.906,5,4,4,0.617,2024-12-26,0
TI2-0163,S3,S3-Q01042,Explanation excerpt 163 from Document Summarization and QA.,FAITHFUL,FAITHFUL,FAITHFUL,FAITHFUL,0.844,0.575,0.658,0.728,3,3,3,0.617,2024-10-19,0
TI2-0164,S4,S4-Q19721,Explanation excerpt 164 from Medical Triage Assistant.,FAITHFUL,FAITHFUL,FAITHFUL,FAITHFUL,0.869,0.559,0.777,0.593,5,3,3,0.617,2024-10-20,0
TI2-0165,S1,S1-Q15901,Explanation excerpt 165 from Customer Support Chatbot.,PARTIALLY_FAITHFUL,FAITHFUL,FAITHFUL,FAITHFUL,0.67,0.728,0.9,0.569,3,4,5,0.617,2024-10-02,0
TI2-0166,S2,S2-Q37924,Explanation excerpt 166 from AI Code Assistant IDE Plugin.,FAITHFUL,PARTIALLY_FAITHFUL,FAITHFUL,FAITHFUL,0.809,0.722,0.737,0.73,4,4,5,0.617,2024-12-02,0
TI2-0167,S3,S3-Q03979,Explanation excerpt 167 from Document Summarization and QA.,FAITHFUL,PARTIALLY_FAITHFUL,UNFAITHFUL,UNFAITHFUL,0.785,0.669,0.745,0.573,4,3,5,0.617,2024-12-22,1
TI2-0168,S4,S4-Q45713,Explanation excerpt 168 from Medical Triage Assistant.,FAITHFUL,FAITHFUL,FAITHFUL,FAITHFUL,0.753,0.565,0.868,0.724,5,4,4,0.617,2024-11-26,0
TI2-0169,S1,S1-Q43055,Explanation excerpt 169 from Customer Support Chatbot.,FAITHFUL,FAITHFUL,UNFAITHFUL,FAITHFUL,0.764,0.853,0.867,0.694,4,5,5,0.617,2024-11-23,0
TI2-0170,S2,S2-Q13580,Explanation excerpt 170 from AI Code Assistant IDE Plugin.,PARTIALLY_FAITHFUL,PARTIALLY_FAITHFUL,PARTIALLY_FAITHFUL,PARTIALLY_FAITHFUL,0.699,0.8,0.85,0.598,4,3,5,0.617,2024-10-26,0
TI2-0171,S3,S3-Q13726,Explanation excerpt 171 from Document Summarization and QA.,FAITHFUL,FAITHFUL,PARTIALLY_FAITHFUL,FAITHFUL,0.795,0.9,0.758,0.646,4,4,3,0.617,2024-12-26,0
TI2-0172,S4,S4-Q28222,Explanation excerpt 172 from Medical Triage Assistant.,FAITHFUL,PARTIALLY_FAITHFUL,PARTIALLY_FAITHFUL,PARTIALLY_FAITHFUL,0.64,0.591,0.819,0.73,3,3,4,0.617,2024-11-13,0
TI2-0173,S1,S1-Q45229,Explanation excerpt 173 from Customer Support Chatbot.,PARTIALLY_FAITHFUL,PARTIALLY_FAITHFUL,PARTIALLY_FAITHFUL,PARTIALLY_FAITHFUL,0.906,0.742,0.681,0.569,5,4,3,0.617,2024-11-26,0
TI2-0174,S2,S2-Q06677,Explanation excerpt 174 from AI Code Assistant IDE Plugin.,PARTIALLY_FAITHFUL,UNFAITHFUL,PARTIALLY_FAITHFUL,PARTIALLY_FAITHFUL,0.888,0.517,0.682,0.783,3,5,5,0.617,2024-10-27,0
TI2-0175,S3,S3-Q48009,Explanation excerpt 175 from Document Summarization and QA.,UNFAITHFUL,FAITHFUL,FAITHFUL,FAITHFUL,0.905,0.562,0.759,0.853,4,5,4,0.617,2024-10-16,0
TI2-0176,S4,S4-Q22369,Explanation excerpt 176 from Medical Triage Assistant.,PARTIALLY_FAITHFUL,FAITHFUL,FAITHFUL,FAITHFUL,0.7,0.569,0.73,0.815,3,3,4,0.617,2024-11-23,0
TI2-0177,S1,S1-Q09044,Explanation excerpt 177 from Customer Support Chatbot.,FAITHFUL,PARTIALLY_FAITHFUL,FAITHFUL,FAITHFUL,0.881,0.665,0.773,0.72,5,4,3,0.617,2024-12-06,0
TI2-0178,S2,S2-Q33905,Explanation excerpt 178 from AI Code Assistant IDE Plugin.,PARTIALLY_FAITHFUL,FAITHFUL,FAITHFUL,FAITHFUL,0.93,0.534,0.744,0.913,3,3,5,0.617,2024-10-22,0
TI2-0179,S3,S3-Q03789,Explanation excerpt 179 from Document Summarization and QA.,FAITHFUL,FAITHFUL,FAITHFUL,FAITHFUL,0.942,0.892,0.89,0.874,5,3,5,0.617,2024-11-07,0
TI2-0180,S4,S4-Q20559,Explanation excerpt 180 from Medical Triage Assistant.,FAITHFUL,PARTIALLY_FAITHFUL,FAITHFUL,FAITHFUL,0.918,0.503,0.734,0.745,4,5,5,0.617,2024-10-19,0
TI2-0181,S1,S1-Q42732,Explanation excerpt 181 from Customer Support Chatbot.,PARTIALLY_FAITHFUL,FAITHFUL,FAITHFUL,FAITHFUL,0.755,0.638,0.894,0.79,5,5,5,0.617,2024-10-26,0
TI2-0182,S2,S2-Q48501,Explanation excerpt 182 from AI Code Assistant IDE Plugin.,UNFAITHFUL,FAITHFUL,FAITHFUL,FAITHFUL,0.908,0.708,0.812,0.629,4,5,5,0.617,2024-12-05,0
TI2-0183,S3,S3-Q35386,Explanation excerpt 183 from Document Summarization and QA.,FAITHFUL,FAITHFUL,PARTIALLY_FAITHFUL,FAITHFUL,0.807,0.597,0.882,0.819,3,3,3,0.617,2024-12-04,0
TI2-0184,S4,S4-Q08115,Explanation excerpt 184 from Medical Triage Assistant.,FAITHFUL,FAITHFUL,FAITHFUL,FAITHFUL,0.617,0.76,0.687,0.66,5,5,4,0.617,2024-10-01,0
TI2-0185,S1,S1-Q41140,Explanation excerpt 185 from Customer Support Chatbot.,FAITHFUL,UNFAITHFUL,PARTIALLY_FAITHFUL,PARTIALLY_FAITHFUL,0.833,0.838,0.72,0.661,5,5,5,0.617,2024-12-25,1
TI2-0186,S2,S2-Q48334,Explanation excerpt 186 from AI Code Assistant IDE Plugin.,PARTIALLY_FAITHFUL,PARTIALLY_FAITHFUL,PARTIALLY_FAITHFUL,PARTIALLY_FAITHFUL,0.687,0.631,0.825,0.854,5,4,5,0.617,2024-11-16,0
TI2-0187,S3,S3-Q04076,Explanation excerpt 187 from Document Summarization and QA.,FAITHFUL,FAITHFUL,FAITHFUL,FAITHFUL,0.749,0.552,0.714,0.579,4,3,3,0.617,2024-12-26,0
TI2-0188,S4,S4-Q32692,Explanation excerpt 188 from Medical Triage Assistant.,FAITHFUL,FAITHFUL,FAITHFUL,FAITHFUL,0.823,0.899,0.857,0.901,4,4,5,0.617,2024-11-23,0
TI2-0189,S1,S1-Q46172,Explanation excerpt 189 from Customer Support Chatbot.,PARTIALLY_FAITHFUL,FAITHFUL,FAITHFUL,FAITHFUL,0.78,0.712,0.858,0.719,5,4,3,0.617,2024-10-05,0
TI2-0190,S2,S2-Q07231,Explanation excerpt 190 from AI Code Assistant IDE Plugin.,PARTIALLY_FAITHFUL,UNFAITHFUL,FAITHFUL,UNFAITHFUL,0.642,0.729,0.662,0.607,3,5,4,0.617,2024-11-17,1
TI2-0191,S3,S3-Q38642,Explanation excerpt 191 from Document Summarization and QA.,FAITHFUL,FAITHFUL,FAITHFUL,FAITHFUL,0.748,0.875,0.742,0.655,3,3,3,0.617,2024-10-24,0
TI2-0192,S4,S4-Q27367,Explanation excerpt 192 from Medical Triage Assistant.,PARTIALLY_FAITHFUL,FAITHFUL,FAITHFUL,FAITHFUL,0.768,0.624,0.786,0.675,4,3,3,0.617,2024-11-18,0
TI2-0193,S1,S1-Q30208,Explanation excerpt 193 from Customer Support Chatbot.,FAITHFUL,PARTIALLY_FAITHFUL,PARTIALLY_FAITHFUL,PARTIALLY_FAITHFUL,0.867,0.767,0.695,0.819,3,5,5,0.617,2024-10-12,0
TI2-0194,S2,S2-Q35455,Explanation excerpt 194 from AI Code Assistant IDE Plugin.,PARTIALLY_FAITHFUL,PARTIALLY_FAITHFUL,FAITHFUL,PARTIALLY_FAITHFUL,0.616,0.768,0.783,0.653,3,4,4,0.617,2024-10-12,0
TI2-0195,S3,S3-Q42282,Explanation excerpt 195 from Document Summarization and QA.,PARTIALLY_FAITHFUL,PARTIALLY_FAITHFUL,FAITHFUL,PARTIALLY_FAITHFUL,0.643,0.724,0.708,0.779,5,4,5,0.617,2024-12-13,0
TI2-0196,S4,S4-Q07883,Explanation excerpt 196 from Medical Triage Assistant.,PARTIALLY_FAITHFUL,UNFAITHFUL,FAITHFUL,UNFAITHFUL,0.83,0.713,0.939,0.652,4,5,3,0.617,2024-10-27,1
TI2-0197,S1,S1-Q39771,Explanation excerpt 197 from Customer Support Chatbot.,FAITHFUL,PARTIALLY_FAITHFUL,UNFAITHFUL,UNFAITHFUL,0.712,0.736,0.797,0.896,4,3,5,0.617,2024-11-13,1
TI2-0198,S2,S2-Q05966,Explanation excerpt 198 from AI Code Assistant IDE Plugin.,FAITHFUL,FAITHFUL,PARTIALLY_FAITHFUL,FAITHFUL,0.64,0.54,0.7,0.603,4,4,4,0.617,2024-11-02,0
TI2-0199,S3,S3-Q40271,Explanation excerpt 199 from Document Summarization and QA.,PARTIALLY_FAITHFUL,FAITHFUL,UNFAITHFUL,UNFAITHFUL,0.936,0.573,0.864,0.66,5,3,3,0.617,2024-10-13,1
TI2-0200,S4,S4-Q13275,Explanation excerpt 200 from Medical Triage Assistant.,FAITHFUL,FAITHFUL,FAITHFUL,FAITHFUL,0.684,0.739,0.721,0.738,4,3,3,0.617,2024-12-04,0
TI2-0201,S1,S1-Q04290,Explanation excerpt 201 from Customer Support Chatbot.,FAITHFUL,FAITHFUL,FAITHFUL,FAITHFUL,0.769,0.663,0.72,0.878,4,5,4,0.676,2024-11-04,0
TI2-0202,S2,S2-Q19964,Explanation excerpt 202 from AI Code Assistant IDE Plugin.,FAITHFUL,FAITHFUL,FAITHFUL,FAITHFUL,0.799,0.678,0.904,0.735,5,5,3,0.676,2024-10-19,0
TI2-0203,S3,S3-Q29606,Explanation excerpt 203 from Document Summarization and QA.,FAITHFUL,UNFAITHFUL,PARTIALLY_FAITHFUL,PARTIALLY_FAITHFUL,0.615,0.825,0.938,0.78,5,4,5,0.676,2024-12-23,1
TI2-0204,S4,S4-Q16443,Explanation excerpt 204 from Medical Triage Assistant.,UNFAITHFUL,FAITHFUL,UNFAITHFUL,UNFAITHFUL,0.894,0.652,0.755,0.784,4,4,5,0.676,2024-12-14,0
TI2-0205,S1,S1-Q19703,Explanation excerpt 205 from Customer Support Chatbot.,PARTIALLY_FAITHFUL,FAITHFUL,FAITHFUL,FAITHFUL,0.631,0.779,0.899,0.818,5,5,3,0.676,2024-11-05,0
TI2-0206,S2,S2-Q41627,Explanation excerpt 206 from AI Code Assistant IDE Plugin.,PARTIALLY_FAITHFUL,FAITHFUL,FAITHFUL,FAITHFUL,0.691,0.801,0.786,0.641,4,5,4,0.676,2024-11-11,0
TI2-0207,S3,S3-Q42366,Explanation excerpt 207 from Document Summarization and QA.,FAITHFUL,FAITHFUL,FAITHFUL,FAITHFUL,0.923,0.744,0.651,0.554,3,5,3,0.676,2024-10-23,0
TI2-0208,S4,S4-Q42540,Explanation excerpt 208 from Medical Triage Assistant.,FAITHFUL,PARTIALLY_FAITHFUL,FAITHFUL,FAITHFUL,0.828,0.715,0.918,0.852,4,5,3,0.676,2024-11-26,0
TI2-0209,S1,S1-Q11613,Explanation excerpt 209 from Customer Support Chatbot.,PARTIALLY_FAITHFUL,FAITHFUL,PARTIALLY_FAITHFUL,PARTIALLY_FAITHFUL,0.894,0.825,0.945,0.596,5,4,4,0.676,2024-11-17,0
TI2-0210,S2,S2-Q46478,Explanation excerpt 210 from AI Code Assistant IDE Plugin.,UNFAITHFUL,FAITHFUL,FAITHFUL,FAITHFUL,0.725,0.536,0.834,0.662,3,4,5,0.676,2024-12-31,0
TI2-0211,S3,S3-Q46141,Explanation excerpt 211 from Document Summarization and QA.,FAITHFUL,UNFAITHFUL,UNFAITHFUL,UNFAITHFUL,0.847,0.584,0.709,0.854,3,4,4,0.676,2024-11-20,0
TI2-0212,S4,S4-Q43244,Explanation excerpt 212 from Medical Triage Assistant.,FAITHFUL,FAITHFUL,FAITHFUL,FAITHFUL,0.859,0.769,0.831,0.615,3,5,3,0.676,2024-12-15,0
TI2-0213,S1,S1-Q47770,Explanation excerpt 213 from Customer Support Chatbot.,FAITHFUL,FAITHFUL,FAITHFUL,FAITHFUL,0.874,0.577,0.853,0.917,5,3,5,0.676,2024-12-28,0
TI2-0214,S2,S2-Q42007,Explanation excerpt 214 from AI Code Assistant IDE Plugin.,PARTIALLY_FAITHFUL,PARTIALLY_FAITHFUL,PARTIALLY_FAITHFUL,PARTIALLY_FAITHFUL,0.836,0.76,0.906,0.67,4,3,4,0.676,2024-11-22,0
TI2-0215,S3,S3-Q47266,Explanation excerpt 215 from Document Summarization and QA.,FAITHFUL,PARTIALLY_FAITHFUL,FAITHFUL,FAITHFUL,0.679,0.611,0.776,0.716,4,5,3,0.676,2024-10-01,0
TI2-0216,S4,S4-Q45191,Explanation excerpt 216 from Medical Triage Assistant.,FAITHFUL,FAITHFUL,PARTIALLY_FAITHFUL,FAITHFUL,0.748,0.53,0.725,0.611,3,5,3,0.676,2024-11-09,0
TI2-0217,S1,S1-Q41046,Explanation excerpt 217 from Customer Support Chatbot.,FAITHFUL,PARTIALLY_FAITHFUL,FAITHFUL,FAITHFUL,0.927,0.836,0.724,0.725,4,3,5,0.676,2024-11-13,0
TI2-0218,S2,S2-Q40604,Explanation excerpt 218 from AI Code Assistant IDE Plugin.,PARTIALLY_FAITHFUL,PARTIALLY_FAITHFUL,FAITHFUL,PARTIALLY_FAITHFUL,0.753,0.538,0.784,0.596,3,3,5,0.676,2024-10-08,0
TI2-0219,S3,S3-Q04064,Explanation excerpt 219 from Document Summarization and QA.,UNFAITHFUL,FAITHFUL,PARTIALLY_FAITHFUL,PARTIALLY_FAITHFUL,0.922,0.677,0.74,0.782,5,3,3,0.676,2024-10-09,1
TI2-0220,S4,S4-Q40456,Explanation excerpt 220 from Medical Triage Assistant.,FAITHFUL,FAITHFUL,FAITHFUL,FAITHFUL,0.863,0.593,0.83,0.794,4,4,3,0.676,2024-10-02,0
TI2-0221,S1,S1-Q22258,Explanation excerpt 221 from Customer Support Chatbot.,FAITHFUL,FAITHFUL,FAITHFUL,FAITHFUL,0.828,0.77,0.658,0.741,5,5,3,0.676,2024-12-15,0
TI2-0222,S2,S2-Q37567,Explanation excerpt 222 from AI Code Assistant IDE Plugin.,FAITHFUL,FAITHFUL,FAITHFUL,FAITHFUL,0.644,0.704,0.757,0.728,3,5,3,0.676,2024-12-19,0
TI2-0223,S3,S3-Q38308,Explanation excerpt 223 from Document Summarization and QA.,FAITHFUL,FAITHFUL,PARTIALLY_FAITHFUL,FAITHFUL,0.753,0.884,0.876,0.665,3,3,4,0.676,2024-12-09,0
TI2-0224,S4,S4-Q00530,Explanation excerpt 224 from Medical Triage Assistant.,PARTIALLY_FAITHFUL,FAITHFUL,FAITHFUL,FAITHFUL,0.781,0.763,0.693,0.638,4,4,4,0.676,2024-12-11,0
TI2-0225,S1,S1-Q04483,Explanation excerpt 225 from Customer Support Chatbot.,UNFAITHFUL,FAITHFUL,FAITHFUL,FAITHFUL,0.72,0.767,0.858,0.913,3,5,3,0.676,2024-12-16,0
TI2-0226,S2,S2-Q27440,Explanation excerpt 226 from AI Code Assistant IDE Plugin.,PARTIALLY_FAITHFUL,PARTIALLY_FAITHFUL,FAITHFUL,PARTIALLY_FAITHFUL,0.715,0.542,0.913,0.887,4,5,4,0.676,2024-12-03,0
TI2-0227,S3,S3-Q13969,Explanation excerpt 227 from Document Summarization and QA.,FAITHFUL,FAITHFUL,FAITHFUL,FAITHFUL,0.684,0.794,0.936,0.673,3,4,5,0.676,2024-11-18,0
TI2-0228,S4,S4-Q23455,Explanation excerpt 228 from Medical Triage Assistant.,FAITHFUL,FAITHFUL,UNFAITHFUL,FAITHFUL,0.611,0.546,0.737,0.622,4,3,3,0.676,2024-12-14,0
TI2-0229,S1,S1-Q11413,Explanation excerpt 229 from Customer Support Chatbot.,UNFAITHFUL,FAITHFUL,UNFAITHFUL,UNFAITHFUL,0.677,0.605,0.702,0.864,3,3,4,0.676,2024-11-01,0
TI2-0230,S2,S2-Q08995,Explanation excerpt 230 from AI Code Assistant IDE Plugin.,FAITHFUL,FAITHFUL,PARTIALLY_FAITHFUL,FAITHFUL,0.733,0.815,0.683,0.896,3,3,5,0.676,2024-11-09,0
TI2-0231,S3,S3-Q28425,Explanation excerpt 231 from Document Summarization and QA.,FAITHFUL,FAITHFUL,FAITHFUL,FAITHFUL,0.907,0.526,0.693,0.892,3,5,5,0.676,2024-10-25,0
TI2-0232,S4,S4-Q16027,Explanation excerpt 232 from Medical Triage Assistant.,FAITHFUL,FAITHFUL,FAITHFUL,FAITHFUL,0.922,0.805,0.826,0.866,5,4,5,0.676,2024-11-07,0
TI2-0233,S1,S1-Q38279,Explanation excerpt 233 from Customer Support Chatbot.,PARTIALLY_FAITHFUL,FAITHFUL,FAITHFUL,FAITHFUL,0.91,0.584,0.674,0.724,4,3,5,0.676,2024-12-24,0
TI2-0234,S2,S2-Q32676,Explanation excerpt 234 from AI Code Assistant IDE Plugin.,PARTIALLY_FAITHFUL,FAITHFUL,FAITHFUL,FAITHFUL,0.782,0.572,0.864,0.744,5,5,4,0.676,2024-12-01,0
TI2-0235,S3,S3-Q42582,Explanation excerpt 235 from Document Summarization and QA.,PARTIALLY_FAITHFUL,FAITHFUL,FAITHFUL,FAITHFUL,0.613,0.588,0.711,0.869,4,5,5,0.676,2024-11-20,0
TI2-0236,S4,S4-Q36081,Explanation excerpt 236 from Medical Triage Assistant.,FAITHFUL,FAITHFUL,FAITHFUL,FAITHFUL,0.63,0.801,0.739,0.742,3,4,4,0.676,2024-10-30,0
TI2-0237,S1,S1-Q28345,Explanation excerpt 237 from Customer Support Chatbot.,PARTIALLY_FAITHFUL,FAITHFUL,PARTIALLY_FAITHFUL,PARTIALLY_FAITHFUL,0.743,0.822,0.745,0.691,4,4,4,0.676,2024-10-23,0
TI2-0238,S2,S2-Q33607,Explanation excerpt 238 from AI Code Assistant IDE Plugin.,FAITHFUL,FAITHFUL,FAITHFUL,FAITHFUL,0.791,0.531,0.733,0.634,3,4,5,0.676,2024-10-16,0
TI2-0239,S3,S3-Q16386,Explanation excerpt 239 from Document Summarization and QA.,FAITHFUL,FAITHFUL,FAITHFUL,FAITHFUL,0.706,0.826,0.855,0.652,3,5,4,0.676,2024-12-30,0
TI2-0240,S4,S4-Q17114,Explanation excerpt 240 from Medical Triage Assistant.,FAITHFUL,FAITHFUL,PARTIALLY_FAITHFUL,FAITHFUL,0.603,0.62,0.897,0.84,5,5,5,0.676,2024-11-21,0
TI2-0241,S1,S1-Q33597,Explanation excerpt 241 from Customer Support Chatbot.,UNFAITHFUL,PARTIALLY_FAITHFUL,PARTIALLY_FAITHFUL,PARTIALLY_FAITHFUL,0.946,0.881,0.91,0.634,3,4,5,0.676,2024-10-27,0
TI2-0242,S2,S2-Q22326,Explanation excerpt 242 from AI Code Assistant IDE Plugin.,FAITHFUL,FAITHFUL,PARTIALLY_FAITHFUL,FAITHFUL,0.877,0.625,0.706,0.835,4,5,4,0.676,2024-12-29,0
TI2-0243,S3,S3-Q37848,Explanation excerpt 243 from Document Summarization and QA.,FAITHFUL,FAITHFUL,PARTIALLY_FAITHFUL,FAITHFUL,0.906,0.622,0.871,0.735,3,4,3,0.676,2024-12-24,0
TI2-0244,S4,S4-Q35233,Explanation excerpt 244 from Medical Triage Assistant.,PARTIALLY_FAITHFUL,FAITHFUL,FAITHFUL,FAITHFUL,0.705,0.735,0.82,0.562,5,4,5,0.676,2024-10-18,0
TI2-0245,S1,S1-Q37610,Explanation excerpt 245 from Customer Support Chatbot.,FAITHFUL,UNFAITHFUL,FAITHFUL,FAITHFUL,0.903,0.892,0.711,0.695,5,5,5,0.676,2024-12-08,0
TI2-0246,S2,S2-Q06111,Explanation excerpt 246 from AI Code Assistant IDE Plugin.,FAITHFUL,FAITHFUL,FAITHFUL,FAITHFUL,0.66,0.77,0.703,0.856,4,5,4,0.676,2024-12-17,0
TI2-0247,S3,S3-Q15273,Explanation excerpt 247 from Document Summarization and QA.,FAITHFUL,FAITHFUL,FAITHFUL,FAITHFUL,0.702,0.71,0.786,0.686,4,4,3,0.676,2024-10-02,0
TI2-0248,S4,S4-Q35157,Explanation excerpt 248 from Medical Triage Assistant.,FAITHFUL,PARTIALLY_FAITHFUL,FAITHFUL,FAITHFUL,0.746,0.797,0.767,0.884,3,3,3,0.676,2024-10-27,0
TI2-0249,S1,S1-Q10406,Explanation excerpt 249 from Customer Support Chatbot.,FAITHFUL,FAITHFUL,FAITHFUL,FAITHFUL,0.811,0.876,0.826,0.736,5,5,4,0.676,2024-12-27,0
TI2-0250,S2,S2-Q39640,Explanation excerpt 250 from AI Code Assistant IDE Plugin.,FAITHFUL,FAITHFUL,UNFAITHFUL,FAITHFUL,0.883,0.71,0.923,0.875,4,3,4,0.676,2024-11-28,0
TI2-0251,S3,S3-Q45896,Explanation excerpt 251 from Document Summarization and QA.,FAITHFUL,FAITHFUL,FAITHFUL,FAITHFUL,0.895,0.817,0.767,0.855,5,4,4,0.689,2024-10-23,0
TI2-0252,S4,S4-Q43194,Explanation excerpt 252 from Medical Triage Assistant.,FAITHFUL,FAITHFUL,FAITHFUL,FAITHFUL,0.664,0.727,0.768,0.9,4,4,4,0.689,2024-10-31,0
TI2-0253,S1,S1-Q04375,Explanation excerpt 253 from Customer Support Chatbot.,UNFAITHFUL,FAITHFUL,UNFAITHFUL,UNFAITHFUL,0.844,0.789,0.715,0.733,5,4,5,0.689,2024-12-10,0
TI2-0254,S2,S2-Q29553,Explanation excerpt 254 from AI Code Assistant IDE Plugin.,FAITHFUL,FAITHFUL,PARTIALLY_FAITHFUL,FAITHFUL,0.658,0.583,0.663,0.56,5,4,4,0.689,2024-12-21,0
TI2-0255,S3,S3-Q25997,Explanation excerpt 255 from Document Summarization and QA.,PARTIALLY_FAITHFUL,PARTIALLY_FAITHFUL,FAITHFUL,PARTIALLY_FAITHFUL,0.613,0.6,0.863,0.6,5,4,3,0.689,2024-12-25,0
TI2-0256,S4,S4-Q46766,Explanation excerpt 256 from Medical Triage Assistant.,PARTIALLY_FAITHFUL,FAITHFUL,FAITHFUL,FAITHFUL,0.933,0.556,0.896,0.861,5,5,3,0.689,2024-10-22,0
TI2-0257,S1,S1-Q25615,Explanation excerpt 257 from Customer Support Chatbot.,PARTIALLY_FAITHFUL,PARTIALLY_FAITHFUL,FAITHFUL,PARTIALLY_FAITHFUL,0.659,0.769,0.653,0.651,3,5,5,0.689,2024-11-26,0
TI2-0258,S2,S2-Q28971,Explanation excerpt 258 from AI Code Assistant IDE Plugin.,FAITHFUL,FAITHFUL,FAITHFUL,FAITHFUL,0.844,0.835,0.893,0.787,5,5,3,0.689,2024-12-31,0
TI2-0259,S3,S3-Q00306,Explanation excerpt 259 from Document Summarization and QA.,FAITHFUL,FAITHFUL,PARTIALLY_FAITHFUL,FAITHFUL,0.617,0.651,0.711,0.642,4,3,5,0.689,2024-10-31,0
TI2-0260,S4,S4-Q44562,Explanation excerpt 260 from Medical Triage Assistant.,FAITHFUL,FAITHFUL,FAITHFUL,FAITHFUL,0.834,0.588,0.915,0.845,3,4,3,0.689,2024-12-25,0
TI2-0261,S1,S1-Q36835,Explanation excerpt 261 from Customer Support Chatbot.,FAITHFUL,FAITHFUL,FAITHFUL,FAITHFUL,0.819,0.75,0.93,0.696,3,4,4,0.689,2024-11-24,0
TI2-0262,S2,S2-Q42861,Explanation excerpt 262 from AI Code Assistant IDE Plugin.,FAITHFUL,FAITHFUL,FAITHFUL,FAITHFUL,0.711,0.656,0.788,0.574,3,3,4,0.689,2024-11-05,0
TI2-0263,S3,S3-Q39248,Explanation excerpt 263 from Document Summarization and QA.,FAITHFUL,FAITHFUL,FAITHFUL,FAITHFUL,0.775,0.896,0.864,0.843,3,4,4,0.689,2024-12-12,0
TI2-0264,S4,S4-Q44427,Explanation excerpt 264 from Medical Triage Assistant.,FAITHFUL,UNFAITHFUL,FAITHFUL,FAITHFUL,0.924,0.809,0.69,0.615,5,5,4,0.689,2024-12-28,0
TI2-0265,S1,S1-Q38341,Explanation excerpt 265 from Customer Support Chatbot.,FAITHFUL,UNFAITHFUL,FAITHFUL,FAITHFUL,0.757,0.704,0.873,0.736,4,3,5,0.689,2024-12-30,0
TI2-0266,S2,S2-Q48360,Explanation excerpt 266 from AI Code Assistant IDE Plugin.,UNFAITHFUL,FAITHFUL,PARTIALLY_FAITHFUL,PARTIALLY_FAITHFUL,0.75,0.597,0.674,0.601,3,4,3,0.689,2024-12-03,1
TI2-0267,S3,S3-Q39196,Explanation excerpt 267 from Document Summarization and QA.,FAITHFUL,FAITHFUL,FAITHFUL,FAITHFUL,0.946,0.677,0.913,0.6,3,3,5,0.689,2024-11-10,0
TI2-0268,S4,S4-Q49189,Explanation excerpt 268 from Medical Triage Assistant.,FAITHFUL,PARTIALLY_FAITHFUL,FAITHFUL,FAITHFUL,0.608,0.839,0.749,0.64,4,5,4,0.689,2024-12-09,0
TI2-0269,S1,S1-Q14579,Explanation excerpt 269 from Customer Support Chatbot.,FAITHFUL,UNFAITHFUL,UNFAITHFUL,UNFAITHFUL,0.813,0.653,0.746,0.714,5,5,5,0.689,2024-10-01,0
TI2-0270,S2,S2-Q13384,Explanation excerpt 270 from AI Code Assistant IDE Plugin.,FAITHFUL,FAITHFUL,UNFAITHFUL,FAITHFUL,0.644,0.569,0.815,0.844,3,5,3,0.689,2024-10-27,0
TI2-0271,S3,S3-Q12946,Explanation excerpt 271 from Document Summarization and QA.,FAITHFUL,FAITHFUL,PARTIALLY_FAITHFUL,FAITHFUL,0.686,0.571,0.725,0.656,4,3,5,0.689,2024-11-27,0
TI2-0272,S4,S4-Q26100,Explanation excerpt 272 from Medical Triage Assistant.,UNFAITHFUL,FAITHFUL,PARTIALLY_FAITHFUL,PARTIALLY_FAITHFUL,0.732,0.688,0.777,0.775,4,3,4,0.689,2024-11-25,1
TI2-0273,S1,S1-Q05455,Explanation excerpt 273 from Customer Support Chatbot.,PARTIALLY_FAITHFUL,PARTIALLY_FAITHFUL,PARTIALLY_FAITHFUL,PARTIALLY_FAITHFUL,0.866,0.869,0.829,0.607,3,4,4,0.689,2024-10-23,0
TI2-0274,S2,S2-Q31513,Explanation excerpt 274 from AI Code Assistant IDE Plugin.,FAITHFUL,FAITHFUL,FAITHFUL,FAITHFUL,0.625,0.555,0.791,0.607,4,5,5,0.689,2024-10-25,0
TI2-0275,S3,S3-Q27252,Explanation excerpt 275 from Document Summarization and QA.,FAITHFUL,PARTIALLY_FAITHFUL,PARTIALLY_FAITHFUL,PARTIALLY_FAITHFUL,0.929,0.888,0.762,0.731,4,4,4,0.689,2024-12-22,0
TI2-0276,S4,S4-Q10641,Explanation excerpt 276 from Medical Triage Assistant.,UNFAITHFUL,FAITHFUL,PARTIALLY_FAITHFUL,PARTIALLY_FAITHFUL,0.668,0.675,0.727,0.888,3,4,5,0.689,2024-11-14,1
TI2-0277,S1,S1-Q25254,Explanation excerpt 277 from Customer Support Chatbot.,FAITHFUL,FAITHFUL,PARTIALLY_FAITHFUL,FAITHFUL,0.924,0.794,0.723,0.563,5,3,5,0.689,2024-11-16,0
TI2-0278,S2,S2-Q39678,Explanation excerpt 278 from AI Code Assistant IDE Plugin.,PARTIALLY_FAITHFUL,PARTIALLY_FAITHFUL,PARTIALLY_FAITHFUL,PARTIALLY_FAITHFUL,0.759,0.772,0.726,0.773,5,3,4,0.689,2024-12-24,0
TI2-0279,S3,S3-Q26062,Explanation excerpt 279 from Document Summarization and QA.,PARTIALLY_FAITHFUL,FAITHFUL,PARTIALLY_FAITHFUL,PARTIALLY_FAITHFUL,0.847,0.89,0.674,0.887,5,5,4,0.689,2024-11-24,0
TI2-0280,S4,S4-Q25087,Explanation excerpt 280 from Medical Triage Assistant.,FAITHFUL,FAITHFUL,FAITHFUL,FAITHFUL,0.805,0.794,0.876,0.892,5,5,5,0.689,2024-10-12,0
TI2-0281,S1,S1-Q13732,Explanation excerpt 281 from Customer Support Chatbot.,FAITHFUL,PARTIALLY_FAITHFUL,PARTIALLY_FAITHFUL,PARTIALLY_FAITHFUL,0.926,0.659,0.742,0.915,3,4,5,0.689,2024-12-02,0
TI2-0282,S2,S2-Q18897,Explanation excerpt 282 from AI Code Assistant IDE Plugin.,FAITHFUL,FAITHFUL,PARTIALLY_FAITHFUL,FAITHFUL,0.857,0.568,0.762,0.81,5,4,5,0.689,2024-10-26,0
TI2-0283,S3,S3-Q13169,Explanation excerpt 283 from Document Summarization and QA.,FAITHFUL,FAITHFUL,FAITHFUL,FAITHFUL,0.621,0.573,0.878,0.646,5,3,3,0.689,2024-11-22,0
TI2-0284,S4,S4-Q19211,Explanation excerpt 284 from Medical Triage Assistant.,FAITHFUL,UNFAITHFUL,FAITHFUL,FAITHFUL,0.63,0.55,0.669,0.561,5,3,3,0.689,2024-10-31,0
TI2-0285,S1,S1-Q43603,Explanation excerpt 285 from Customer Support Chatbot.,FAITHFUL,PARTIALLY_FAITHFUL,FAITHFUL,FAITHFUL,0.804,0.895,0.679,0.743,3,4,3,0.689,2024-10-01,0
TI2-0286,S2,S2-Q49605,Explanation excerpt 286 from AI Code Assistant IDE Plugin.,FAITHFUL,FAITHFUL,UNFAITHFUL,FAITHFUL,0.718,0.672,0.761,0.879,4,4,4,0.689,2024-11-10,0
TI2-0287,S3,S3-Q23333,Explanation excerpt 287 from Document Summarization and QA.,PARTIALLY_FAITHFUL,UNFAITHFUL,FAITHFUL,UNFAITHFUL,0.906,0.823,0.651,0.872,4,5,3,0.689,2024-11-21,1
TI2-0288,S4,S4-Q18316,Explanation excerpt 288 from Medical Triage Assistant.,PARTIALLY_FAITHFUL,PARTIALLY_FAITHFUL,FAITHFUL,PARTIALLY_FAITHFUL,0.933,0.801,0.725,0.717,5,3,5,0.689,2024-12-27,0
TI2-0289,S1,S1-Q21115,Explanation excerpt 289 from Customer Support Chatbot.,PARTIALLY_FAITHFUL,FAITHFUL,FAITHFUL,FAITHFUL,0.606,0.644,0.664,0.849,3,3,5,0.689,2024-11-11,0
TI2-0290,S2,S2-Q22829,Explanation excerpt 290 from AI Code Assistant IDE Plugin.,PARTIALLY_FAITHFUL,FAITHFUL,FAITHFUL,FAITHFUL,0.75,0.873,0.929,0.915,5,5,3,0.689,2024-12-29,0
TI2-0291,S3,S3-Q34083,Explanation excerpt 291 from Document Summarization and QA.,UNFAITHFUL,PARTIALLY_FAITHFUL,FAITHFUL,PARTIALLY_FAITHFUL,0.907,0.814,0.865,0.562,3,5,3,0.689,2024-12-03,1
TI2-0292,S4,S4-Q29248,Explanation excerpt 292 from Medical Triage Assistant.,PARTIALLY_FAITHFUL,FAITHFUL,FAITHFUL,FAITHFUL,0.934,0.693,0.812,0.64,5,4,3,0.689,2024-10-22,0
TI2-0293,S1,S1-Q10502,Explanation excerpt 293 from Customer Support Chatbot.,PARTIALLY_FAITHFUL,PARTIALLY_FAITHFUL,FAITHFUL,PARTIALLY_FAITHFUL,0.925,0.631,0.765,0.654,4,5,3,0.689,2024-11-02,0
TI2-0294,S2,S2-Q41521,Explanation excerpt 294 from AI Code Assistant IDE Plugin.,PARTIALLY_FAITHFUL,UNFAITHFUL,PARTIALLY_FAITHFUL,PARTIALLY_FAITHFUL,0.854,0.536,0.858,0.873,5,3,5,0.689,2024-12-13,0
TI2-0295,S3,S3-Q48235,Explanation excerpt 295 from Document Summarization and QA.,PARTIALLY_FAITHFUL,FAITHFUL,FAITHFUL,FAITHFUL,0.854,0.762,0.886,0.908,4,5,5,0.689,2024-11-25,0
TI2-0296,S4,S4-Q22298,Explanation excerpt 296 from Medical Triage Assistant.,PARTIALLY_FAITHFUL,FAITHFUL,FAITHFUL,FAITHFUL,0.859,0.875,0.873,0.593,3,3,3,0.689,2024-11-17,0
TI2-0297,S1,S1-Q04056,Explanation excerpt 297 from Customer Support Chatbot.,FAITHFUL,FAITHFUL,FAITHFUL,FAITHFUL,0.807,0.576,0.766,0.707,5,3,4,0.689,2024-11-16,0
TI2-0298,S2,S2-Q14559,Explanation excerpt 298 from AI Code Assistant IDE Plugin.,PARTIALLY_FAITHFUL,UNFAITHFUL,FAITHFUL,UNFAITHFUL,0.637,0.504,0.906,0.667,5,5,5,0.689,2024-11-07,1
TI2-0299,S3,S3-Q48960,Explanation excerpt 299 from Document Summarization and QA.,PARTIALLY_FAITHFUL,FAITHFUL,FAITHFUL,FAITHFUL,0.833,0.821,0.861,0.772,5,4,3,0.689,2024-11-09,0
TI2-0300,S4,S4-Q41359,Explanation excerpt 300 from Medical Triage Assistant.,FAITHFUL,FAITHFUL,FAITHFUL,FAITHFUL,0.89,0.698,0.861,0.689,5,5,4,0.689,2024-11-12,0
TI2-0301,S1,S1-Q03445,Explanation excerpt 301 from Customer Support Chatbot.,FAITHFUL,PARTIALLY_FAITHFUL,PARTIALLY_FAITHFUL,PARTIALLY_FAITHFUL,0.923,0.81,0.907,0.819,3,5,5,0.64,2024-11-08,0
TI2-0302,S2,S2-Q22113,Explanation excerpt 302 from AI Code Assistant IDE Plugin.,UNFAITHFUL,PARTIALLY_FAITHFUL,PARTIALLY_FAITHFUL,PARTIALLY_FAITHFUL,0.748,0.689,0.754,0.695,3,5,4,0.64,2024-10-10,0
TI2-0303,S3,S3-Q25807,Explanation excerpt 303 from Document Summarization and QA.,FAITHFUL,FAITHFUL,PARTIALLY_FAITHFUL,FAITHFUL,0.634,0.629,0.887,0.87,3,5,5,0.64,2024-10-07,0
TI2-0304,S4,S4-Q28960,Explanation excerpt 304 from Medical Triage Assistant.,PARTIALLY_FAITHFUL,FAITHFUL,FAITHFUL,FAITHFUL,0.844,0.616,0.693,0.631,3,5,3,0.64,2024-10-26,0
TI2-0305,S1,S1-Q09674,Explanation excerpt 305 from Customer Support Chatbot.,PARTIALLY_FAITHFUL,FAITHFUL,PARTIALLY_FAITHFUL,PARTIALLY_FAITHFUL,0.732,0.893,0.854,0.612,5,3,5,0.64,2024-10-08,0
TI2-0306,S2,S2-Q42605,Explanation excerpt 306 from AI Code Assistant IDE Plugin.,FAITHFUL,UNFAITHFUL,FAITHFUL,FAITHFUL,0.718,0.674,0.695,0.817,3,3,5,0.64,2024-11-01,0
TI2-0307,S3,S3-Q42782,Explanation excerpt 307 from Document Summarization and QA.,FAITHFUL,FAITHFUL,FAITHFUL,FAITHFUL,0.861,0.81,0.947,0.798,5,5,3,0.64,2024-10-12,0
TI2-0308,S4,S4-Q29172,Explanation excerpt 308 from Medical Triage Assistant.,PARTIALLY_FAITHFUL,PARTIALLY_FAITHFUL,FAITHFUL,PARTIALLY_FAITHFUL,0.729,0.548,0.675,0.731,4,5,5,0.64,2024-12-25,0
TI2-0309,S1,S1-Q45465,Explanation excerpt 309 from Customer Support Chatbot.,UNFAITHFUL,FAITHFUL,PARTIALLY_FAITHFUL,PARTIALLY_FAITHFUL,0.861,0.818,0.704,0.729,5,4,4,0.64,2024-12-22,1
TI2-0310,S2,S2-Q35227,Explanation excerpt 310 from AI Code Assistant IDE Plugin.,PARTIALLY_FAITHFUL,FAITHFUL,FAITHFUL,FAITHFUL,0.665,0.825,0.656,0.756,4,3,5,0.64,2024-12-08,0
TI2-0311,S3,S3-Q42710,Explanation excerpt 311 from Document Summarization and QA.,PARTIALLY_FAITHFUL,FAITHFUL,FAITHFUL,FAITHFUL,0.643,0.801,0.94,0.882,5,5,5,0.64,2024-10-24,0
TI2-0312,S4,S4-Q02566,Explanation excerpt 312 from Medical Triage Assistant.,PARTIALLY_FAITHFUL,FAITHFUL,FAITHFUL,FAITHFUL,0.645,0.582,0.698,0.758,4,4,3,0.64,2024-10-05,0
TI2-0313,S1,S1-Q43134,Explanation excerpt 313 from Customer Support Chatbot.,FAITHFUL,FAITHFUL,FAITHFUL,FAITHFUL,0.6,0.62,0.934,0.742,5,3,4,0.64,2024-11-07,0
TI2-0314,S2,S2-Q23077,Explanation excerpt 314 from AI Code Assistant IDE Plugin.,PARTIALLY_FAITHFUL,FAITHFUL,FAITHFUL,FAITHFUL,0.812,0.704,0.856,0.795,5,4,5,0.64,2024-10-06,0
TI2-0315,S3,S3-Q36181,Explanation excerpt 315 from Document Summarization and QA.,FAITHFUL,FAITHFUL,FAITHFUL,FAITHFUL,0.676,0.644,0.689,0.78,3,3,5,0.64,2024-10-10,0
TI2-0316,S4,S4-Q05457,Explanation excerpt 316 from Medical Triage Assistant.,FAITHFUL,FAITHFUL,FAITHFUL,FAITHFUL,0.931,0.771,0.932,0.603,3,4,4,0.64,2024-10-27,0
TI2-0317,S1,S1-Q46822,Explanation excerpt 317 from Customer Support Chatbot.,FAITHFUL,PARTIALLY_FAITHFUL,UNFAITHFUL,UNFAITHFUL,0.73,0.763,0.896,0.774,5,5,3,0.64,2024-11-23,1
TI2-0318,S2,S2-Q16221,Explanation excerpt 318 from AI Code Assistant IDE Plugin.,PARTIALLY_FAITHFUL,FAITHFUL,PARTIALLY_FAITHFUL,PARTIALLY_FAITHFUL,0.627,0.55,0.683,0.753,4,3,5,0.64,2024-10-09,0
TI2-0319,S3,S3-Q17934,Explanation excerpt 319 from Document Summarization and QA.,FAITHFUL,FAITHFUL,UNFAITHFUL,FAITHFUL,0.603,0.651,0.941,0.69,4,3,3,0.64,2024-10-14,0
TI2-0320,S4,S4-Q06262,Explanation excerpt 320 from Medical Triage Assistant.,PARTIALLY_FAITHFUL,FAITHFUL,FAITHFUL,FAITHFUL,0.785,0.78,0.91,0.754,4,5,4,0.64,2024-12-17,0
TI2-0321,S1,S1-Q48582,Explanation excerpt 321 from Customer Support Chatbot.,FAITHFUL,FAITHFUL,FAITHFUL,FAITHFUL,0.837,0.815,0.816,0.876,4,3,4,0.64,2024-11-21,0
TI2-0322,S2,S2-Q43095,Explanation excerpt 322 from AI Code Assistant IDE Plugin.,FAITHFUL,FAITHFUL,FAITHFUL,FAITHFUL,0.644,0.652,0.871,0.57,5,5,3,0.64,2024-12-21,0
TI2-0323,S3,S3-Q30002,Explanation excerpt 323 from Document Summarization and QA.,UNFAITHFUL,PARTIALLY_FAITHFUL,FAITHFUL,PARTIALLY_FAITHFUL,0.664,0.894,0.89,0.736,5,4,5,0.64,2024-11-05,1
TI2-0324,S4,S4-Q05698,Explanation excerpt 324 from Medical Triage Assistant.,UNFAITHFUL,FAITHFUL,FAITHFUL,FAITHFUL,0.932,0.663,0.744,0.583,3,4,5,0.64,2024-10-11,0
TI2-0325,S1,S1-Q48721,Explanation excerpt 325 from Customer Support Chatbot.,FAITHFUL,FAITHFUL,FAITHFUL,FAITHFUL,0.7,0.872,0.893,0.554,5,3,3,0.64,2024-11-24,0
TI2-0326,S2,S2-Q44354,Explanation excerpt 326 from AI Code Assistant IDE Plugin.,PARTIALLY_FAITHFUL,UNFAITHFUL,FAITHFUL,UNFAITHFUL,0.911,0.779,0.772,0.778,4,5,5,0.64,2024-10-01,1
TI2-0327,S3,S3-Q34611,Explanation excerpt 327 from Document Summarization and QA.,PARTIALLY_FAITHFUL,PARTIALLY_FAITHFUL,PARTIALLY_FAITHFUL,PARTIALLY_FAITHFUL,0.839,0.517,0.785,0.612,3,5,5,0.64,2024-12-07,0
TI2-0328,S4,S4-Q03337,Explanation excerpt 328 from Medical Triage Assistant.,UNFAITHFUL,FAITHFUL,FAITHFUL,FAITHFUL,0.748,0.652,0.762,0.592,3,5,4,0.64,2024-12-26,0
TI2-0329,S1,S1-Q31663,Explanation excerpt 329 from Customer Support Chatbot.,FAITHFUL,FAITHFUL,PARTIALLY_FAITHFUL,FAITHFUL,0.703,0.585,0.871,0.76,3,4,4,0.64,2024-10-28,0
TI2-0330,S2,S2-Q40485,Explanation excerpt 330 from AI Code Assistant IDE Plugin.,UNFAITHFUL,UNFAITHFUL,UNFAITHFUL,UNFAITHFUL,0.897,0.523,0.652,0.72,5,3,4,0.64,2024-11-08,0
TI2-0331,S3,S3-Q00581,Explanation excerpt 331 from Document Summarization and QA.,FAITHFUL,FAITHFUL,PARTIALLY_FAITHFUL,FAITHFUL,0.635,0.697,0.675,0.74,3,4,4,0.64,2024-10-20,0
TI2-0332,S4,S4-Q30848,Explanation excerpt 332 from Medical Triage Assistant.,FAITHFUL,UNFAITHFUL,FAITHFUL,FAITHFUL,0.738,0.62,0.779,0.617,5,4,3,0.64,2024-11-04,0
TI2-0333,S1,S1-Q48962,Explanation excerpt 333 from Customer Support Chatbot.,FAITHFUL,FAITHFUL,PARTIALLY_FAITHFUL,FAITHFUL,0.752,0.644,0.911,0.623,3,3,4,0.64,2024-10-25,0
TI2-0334,S2,S2-Q43661,Explanation excerpt 334 from AI Code Assistant IDE Plugin.,FAITHFUL,FAITHFUL,FAITHFUL,FAITHFUL,0.67,0.692,0.85,0.648,4,3,3,0.64,2024-11-23,0
TI2-0335,S3,S3-Q32890,Explanation excerpt 335 from Document Summarization and QA.,FAITHFUL,FAITHFUL,PARTIALLY_FAITHFUL,FAITHFUL,0.854,0.797,0.898,0.599,3,4,4,0.64,2024-10-14,0
TI2-0336,S4,S4-Q03411,Explanation excerpt 336 from Medical Triage Assistant.,PARTIALLY_FAITHFUL,FAITHFUL,FAITHFUL,FAITHFUL,0.837,0.637,0.943,0.823,3,5,3,0.64,2024-11-25,0
TI2-0337,S1,S1-Q09994,Explanation excerpt 337 from Customer Support Chatbot.,FAITHFUL,FAITHFUL,FAITHFUL,FAITHFUL,0.855,0.575,0.734,0.593,4,3,5,0.64,2024-11-03,0
TI2-0338,S2,S2-Q06755,Explanation excerpt 338 from AI Code Assistant IDE Plugin.,UNFAITHFUL,FAITHFUL,PARTIALLY_FAITHFUL,PARTIALLY_FAITHFUL,0.845,0.701,0.704,0.917,3,4,5,0.64,2024-12-15,1
TI2-0339,S3,S3-Q12595,Explanation excerpt 339 from Document Summarization and QA.,FAITHFUL,FAITHFUL,FAITHFUL,FAITHFUL,0.925,0.671,0.835,0.584,4,3,4,0.64,2024-10-07,0
TI2-0340,S4,S4-Q27924,Explanation excerpt 340 from Medical Triage Assistant.,FAITHFUL,FAITHFUL,FAITHFUL,FAITHFUL,0.768,0.704,0.843,0.663,3,3,4,0.64,2024-11-04,0
TI2-0341,S1,S1-Q11912,Explanation excerpt 341 from Customer Support Chatbot.,FAITHFUL,UNFAITHFUL,PARTIALLY_FAITHFUL,PARTIALLY_FAITHFUL,0.614,0.521,0.873,0.628,3,4,3,0.64,2024-11-30,1
TI2-0342,S2,S2-Q21908,Explanation excerpt 342 from AI Code Assistant IDE Plugin.,FAITHFUL,PARTIALLY_FAITHFUL,FAITHFUL,FAITHFUL,0.707,0.539,0.654,0.754,4,4,4,0.64,2024-10-17,0
TI2-0343,S3,S3-Q24353,Explanation excerpt 343 from Document Summarization and QA.,FAITHFUL,PARTIALLY_FAITHFUL,FAITHFUL,FAITHFUL,0.683,0.61,0.825,0.582,5,5,5,0.64,2024-10-14,0
TI2-0344,S4,S4-Q12644,Explanation excerpt 344 from Medical Triage Assistant.,FAITHFUL,PARTIALLY_FAITHFUL,FAITHFUL,FAITHFUL,0.847,0.87,0.672,0.752,5,5,3,0.64,2024-11-13,0
TI2-0345,S1,S1-Q02872,Explanation excerpt 345 from Customer Support Chatbot.,FAITHFUL,FAITHFUL,PARTIALLY_FAITHFUL,FAITHFUL,0.645,0.667,0.863,0.88,5,5,3,0.64,2024-12-11,0
TI2-0346,S2,S2-Q04438,Explanation excerpt 346 from AI Code Assistant IDE Plugin.,UNFAITHFUL,UNFAITHFUL,FAITHFUL,UNFAITHFUL,0.769,0.71,0.936,0.843,5,3,4,0.64,2024-10-22,0
TI2-0347,S3,S3-Q45470,Explanation excerpt 347 from Document Summarization and QA.,FAITHFUL,PARTIALLY_FAITHFUL,FAITHFUL,FAITHFUL,0.667,0.826,0.799,0.747,3,5,3,0.64,2024-12-05,0
TI2-0348,S4,S4-Q26271,Explanation excerpt 348 from Medical Triage Assistant.,UNFAITHFUL,FAITHFUL,PARTIALLY_FAITHFUL,PARTIALLY_FAITHFUL,0.813,0.583,0.651,0.762,4,5,4,0.64,2024-12-15,1
TI2-0349,S1,S1-Q47224,Explanation excerpt 349 from Customer Support Chatbot.,PARTIALLY_FAITHFUL,UNFAITHFUL,PARTIALLY_FAITHFUL,PARTIALLY_FAITHFUL,0.784,0.621,0.716,0.812,4,5,5,0.64,2024-12-10,0
TI2-0350,S2,S2-Q09709,Explanation excerpt 350 from AI Code Assistant IDE Plugin.,FAITHFUL,FAITHFUL,FAITHFUL,FAITHFUL,0.93,0.611,0.69,0.873,4,3,5,0.64,2024-10-07,0
TI2-0351,S3,S3-Q42510,Explanation excerpt 351 from Document Summarization and QA.,FAITHFUL,FAITHFUL,PARTIALLY_FAITHFUL,FAITHFUL,0.722,0.742,0.761,0.581,5,3,3,0.704,2024-12-30,0
TI2-0352,S4,S4-Q03753,Explanation excerpt 352 from Medical Triage Assistant.,PARTIALLY_FAITHFUL,FAITHFUL,FAITHFUL,FAITHFUL,0.819,0.504,0.757,0.82,5,4,4,0.704,2024-11-05,0
TI2-0353,S1,S1-Q48875,Explanation excerpt 353 from Customer Support Chatbot.,FAITHFUL,UNFAITHFUL,FAITHFUL,FAITHFUL,0.841,0.878,0.727,0.782,5,3,5,0.704,2024-12-17,0
TI2-0354,S2,S2-Q41275,Explanation excerpt 354 from AI Code Assistant IDE Plugin.,FAITHFUL,PARTIALLY_FAITHFUL,FAITHFUL,FAITHFUL,0.883,0.801,0.697,0.636,4,3,5,0.704,2024-11-25,0
TI2-0355,S3,S3-Q11542,Explanation excerpt 355 from Document Summarization and QA.,FAITHFUL,UNFAITHFUL,FAITHFUL,FAITHFUL,0.666,0.696,0.869,0.79,3,4,3,0.704,2024-10-03,0
TI2-0356,S4,S4-Q04552,Explanation excerpt 356 from Medical Triage Assistant.,FAITHFUL,PARTIALLY_FAITHFUL,PARTIALLY_FAITHFUL,PARTIALLY_FAITHFUL,0.65,0.671,0.787,0.789,5,5,3,0.704,2024-11-21,0
TI2-0357,S1,S1-Q24765,Explanation excerpt 357 from Customer Support Chatbot.,FAITHFUL,FAITHFUL,PARTIALLY_FAITHFUL,FAITHFUL,0.734,0.544,0.654,0.857,3,5,3,0.704,2024-10-06,0
TI2-0358,S2,S2-Q00616,Explanation excerpt 358 from AI Code Assistant IDE Plugin.,FAITHFUL,PARTIALLY_FAITHFUL,FAITHFUL,FAITHFUL,0.935,0.543,0.871,0.675,5,5,3,0.704,2024-12-30,0
TI2-0359,S3,S3-Q21742,Explanation excerpt 359 from Document Summarization and QA.,FAITHFUL,FAITHFUL,PARTIALLY_FAITHFUL,FAITHFUL,0.768,0.598,0.813,0.649,4,3,4,0.704,2024-12-09,0
TI2-0360,S4,S4-Q27217,Explanation excerpt 360 from Medical Triage Assistant.,FAITHFUL,PARTIALLY_FAITHFUL,FAITHFUL,FAITHFUL,0.65,0.865,0.657,0.708,4,3,5,0.704,2024-10-19,0
TI2-0361,S1,S1-Q46849,Explanation excerpt 361 from Customer Support Chatbot.,FAITHFUL,FAITHFUL,UNFAITHFUL,FAITHFUL,0.888,0.545,0.701,0.591,5,4,5,0.704,2024-10-14,0
TI2-0362,S2,S2-Q05558,Explanation excerpt 362 from AI Code Assistant IDE Plugin.,UNFAITHFUL,FAITHFUL,FAITHFUL,FAITHFUL,0.913,0.742,0.703,0.746,4,3,4,0.704,2024-12-16,0
TI2-0363,S3,S3-Q18810,Explanation excerpt 363 from Document Summarization and QA.,FAITHFUL,FAITHFUL,PARTIALLY_FAITHFUL,FAITHFUL,0.722,0.542,0.925,0.795,5,4,5,0.704,2024-11-03,0
TI2-0364,S4,S4-Q09607,Explanation excerpt 364 from Medical Triage Assistant.,PARTIALLY_FAITHFUL,FAITHFUL,FAITHFUL,FAITHFUL,0.712,0.656,0.866,0.841,3,3,5,0.704,2024-12-01,0
TI2-0365,S1,S1-Q05928,Explanation excerpt 365 from Customer Support Chatbot.,PARTIALLY_FAITHFUL,FAITHFUL,FAITHFUL,FAITHFUL,0.713,0.551,0.88,0.68,5,4,3,0.704,2024-12-03,0
TI2-0366,S2,S2-Q42858,Explanation excerpt 366 from AI Code Assistant IDE Plugin.,FAITHFUL,PARTIALLY_FAITHFUL,FAITHFUL,FAITHFUL,0.923,0.653,0.815,0.749,5,4,3,0.704,2024-12-03,0
TI2-0367,S3,S3-Q34534,Explanation excerpt 367 from Document Summarization and QA.,FAITHFUL,PARTIALLY_FAITHFUL,FAITHFUL,FAITHFUL,0.802,0.777,0.874,0.81,5,5,4,0.704,2024-10-31,0
TI2-0368,S4,S4-Q08756,Explanation excerpt 368 from Medical Triage Assistant.,FAITHFUL,FAITHFUL,PARTIALLY_FAITHFUL,FAITHFUL,0.922,0.524,0.755,0.864,4,5,4,0.704,2024-10-18,0
TI2-0369,S1,S1-Q14719,Explanation excerpt 369 from Customer Support Chatbot.,FAITHFUL,FAITHFUL,UNFAITHFUL,FAITHFUL,0.62,0.555,0.939,0.81,4,3,3,0.704,2024-11-18,0
TI2-0370,S2,S2-Q43434,Explanation excerpt 370 from AI Code Assistant IDE Plugin.,PARTIALLY_FAITHFUL,PARTIALLY_FAITHFUL,FAITHFUL,PARTIALLY_FAITHFUL,0.804,0.691,0.828,0.609,3,5,3,0.704,2024-10-19,0
TI2-0371,S3,S3-Q11956,Explanation excerpt 371 from Document Summarization and QA.,FAITHFUL,FAITHFUL,FAITHFUL,FAITHFUL,0.764,0.556,0.808,0.901,5,4,3,0.704,2024-11-30,0
TI2-0372,S4,S4-Q07292,Explanation excerpt 372 from Medical Triage Assistant.,FAITHFUL,FAITHFUL,PARTIALLY_FAITHFUL,FAITHFUL,0.655,0.852,0.66,0.828,5,3,4,0.704,2024-12-04,0
TI2-0373,S1,S1-Q16912,Explanation excerpt 373 from Customer Support Chatbot.,FAITHFUL,FAITHFUL,FAITHFUL,FAITHFUL,0.922,0.701,0.863,0.707,4,5,5,0.704,2024-10-21,0
TI2-0374,S2,S2-Q26241,Explanation excerpt 374 from AI Code Assistant IDE Plugin.,FAITHFUL,FAITHFUL,FAITHFUL,FAITHFUL,0.817,0.588,0.705,0.826,3,5,3,0.704,2024-12-11,0
TI2-0375,S3,S3-Q42067,Explanation excerpt 375 from Document Summarization and QA.,FAITHFUL,FAITHFUL,PARTIALLY_FAITHFUL,FAITHFUL,0.742,0.652,0.666,0.687,4,4,5,0.704,2024-11-24,0
TI2-0376,S4,S4-Q15698,Explanation excerpt 376 from Medical Triage Assistant.,FAITHFUL,FAITHFUL,FAITHFUL,FAITHFUL,0.699,0.717,0.67,0.771,5,4,3,0.704,2024-11-09,0
TI2-0377,S1,S1-Q37364,Explanation excerpt 377 from Customer Support Chatbot.,FAITHFUL,FAITHFUL,UNFAITHFUL,FAITHFUL,0.798,0.725,0.887,0.567,3,4,3,0.704,2024-11-10,0
TI2-0378,S2,S2-Q12772,Explanation excerpt 378 from AI Code Assistant IDE Plugin.,FAITHFUL,FAITHFUL,UNFAITHFUL,FAITHFUL,0.71,0.656,0.757,0.598,4,4,5,0.704,2024-12-26,0
TI2-0379,S3,S3-Q01553,Explanation excerpt 379 from Document Summarization and QA.,FAITHFUL,FAITHFUL,PARTIALLY_FAITHFUL,FAITHFUL,0.806,0.653,0.826,0.865,3,5,3,0.704,2024-11-07,0
TI2-0380,S4,S4-Q15177,Explanation excerpt 380 from Medical Triage Assistant.,FAITHFUL,FAITHFUL,FAITHFUL,FAITHFUL,0.91,0.823,0.846,0.834,5,3,5,0.704,2024-10-21,0
TI2-0381,S1,S1-Q22375,Explanation excerpt 381 from Customer Support Chatbot.,UNFAITHFUL,FAITHFUL,UNFAITHFUL,UNFAITHFUL,0.757,0.552,0.737,0.781,5,5,5,0.704,2024-11-25,0
TI2-0382,S2,S2-Q39773,Explanation excerpt 382 from AI Code Assistant IDE Plugin.,FAITHFUL,PARTIALLY_FAITHFUL,PARTIALLY_FAITHFUL,PARTIALLY_FAITHFUL,0.626,0.561,0.838,0.734,3,3,5,0.704,2024-10-02,0
TI2-0383,S3,S3-Q29807,Explanation excerpt 383 from Document Summarization and QA.,FAITHFUL,PARTIALLY_FAITHFUL,FAITHFUL,FAITHFUL,0.71,0.874,0.698,0.654,3,4,3,0.704,2024-11-16,0
TI2-0384,S4,S4-Q16779,Explanation excerpt 384 from Medical Triage Assistant.,FAITHFUL,FAITHFUL,FAITHFUL,FAITHFUL,0.867,0.677,0.927,0.898,4,4,4,0.704,2024-12-12,0
TI2-0385,S1,S1-Q08454,Explanation excerpt 385 from Customer Support Chatbot.,FAITHFUL,FAITHFUL,FAITHFUL,FAITHFUL,0.754,0.705,0.837,0.666,4,5,5,0.704,2024-10-11,0
TI2-0386,S2,S2-Q42197,Explanation excerpt 386 from AI Code Assistant IDE Plugin.,PARTIALLY_FAITHFUL,FAITHFUL,FAITHFUL,FAITHFUL,0.62,0.816,0.86,0.757,5,3,5,0.704,2024-10-20,0
TI2-0387,S3,S3-Q25443,Explanation excerpt 387 from Document Summarization and QA.,PARTIALLY_FAITHFUL,FAITHFUL,FAITHFUL,FAITHFUL,0.906,0.768,0.755,0.723,4,3,3,0.704,2024-12-08,0
TI2-0388,S4,S4-Q28385,Explanation excerpt 388 from Medical Triage Assistant.,UNFAITHFUL,FAITHFUL,FAITHFUL,FAITHFUL,0.67,0.631,0.745,0.919,5,3,4,0.704,2024-12-02,0
TI2-0389,S1,S1-Q10207,Explanation excerpt 389 from Customer Support Chatbot.,FAITHFUL,PARTIALLY_FAITHFUL,FAITHFUL,FAITHFUL,0.932,0.558,0.714,0.76,4,3,5,0.704,2024-12-16,0
TI2-0390,S2,S2-Q03545,Explanation excerpt 390 from AI Code Assistant IDE Plugin.,PARTIALLY_FAITHFUL,FAITHFUL,PARTIALLY_FAITHFUL,PARTIALLY_FAITHFUL,0.674,0.509,0.878,0.706,4,4,3,0.704,2024-11-02,0
TI2-0391,S3,S3-Q46676,Explanation excerpt 391 from Document Summarization and QA.,FAITHFUL,FAITHFUL,FAITHFUL,FAITHFUL,0.758,0.668,0.714,0.88,4,3,4,0.704,2024-10-24,0
TI2-0392,S4,S4-Q13016,Explanation excerpt 392 from Medical Triage Assistant.,PARTIALLY_FAITHFUL,FAITHFUL,UNFAITHFUL,UNFAITHFUL,0.722,0.668,0.793,0.805,4,4,3,0.704,2024-10-21,1
TI2-0393,S1,S1-Q36760,Explanation excerpt 393 from Customer Support Chatbot.,UNFAITHFUL,FAITHFUL,UNFAITHFUL,UNFAITHFUL,0.874,0.739,0.673,0.797,5,4,3,0.704,2024-12-18,0
TI2-0394,S2,S2-Q48047,Explanation excerpt 394 from AI Code Assistant IDE Plugin.,FAITHFUL,PARTIALLY_FAITHFUL,PARTIALLY_FAITHFUL,PARTIALLY_FAITHFUL,0.711,0.56,0.788,0.605,5,5,5,0.704,2024-11-10,0
TI2-0395,S3,S3-Q29528,Explanation excerpt 395 from Document Summarization and QA.,FAITHFUL,UNFAITHFUL,FAITHFUL,FAITHFUL,0.93,0.843,0.84,0.786,5,5,3,0.704,2024-12-14,0
TI2-0396,S4,S4-Q10886,Explanation excerpt 396 from Medical Triage Assistant.,FAITHFUL,FAITHFUL,UNFAITHFUL,FAITHFUL,0.81,0.586,0.713,0.621,4,5,5,0.704,2024-12-26,0
TI2-0397,S1,S1-Q32905,Explanation excerpt 397 from Customer Support Chatbot.,PARTIALLY_FAITHFUL,FAITHFUL,PARTIALLY_FAITHFUL,PARTIALLY_FAITHFUL,0.887,0.55,0.8,0.92,3,4,4,0.704,2024-11-22,0
TI2-0398,S2,S2-Q11523,Explanation excerpt 398 from AI Code Assistant IDE Plugin.,FAITHFUL,FAITHFUL,FAITHFUL,FAITHFUL,0.761,0.649,0.816,0.61,5,4,3,0.704,2024-11-25,0
TI2-0399,S3,S3-Q46013,Explanation excerpt 399 from Document Summarization and QA.,FAITHFUL,PARTIALLY_FAITHFUL,PARTIALLY_FAITHFUL,PARTIALLY_FAITHFUL,0.817,0.87,0.907,0.918,4,5,4,0.704,2024-10-14,0
TI2-0400,S4,S4-Q49266,Explanation excerpt 400 from Medical Triage Assistant.,FAITHFUL,FAITHFUL,UNFAITHFUL,FAITHFUL,0.818,0.718,0.84,0.736,3,4,5,0.704,2024-10-05,0
TI2-0401,S1,S1-Q07504,Explanation excerpt 401 from Customer Support Chatbot.,PARTIALLY_FAITHFUL,UNFAITHFUL,FAITHFUL,UNFAITHFUL,0.668,0.688,0.687,0.908,4,5,4,0.683,2024-11-29,1
TI2-0402,S2,S2-Q24553,Explanation excerpt 402 from AI Code Assistant IDE Plugin.,FAITHFUL,PARTIALLY_FAITHFUL,PARTIALLY_FAITHFUL,PARTIALLY_FAITHFUL,0.874,0.703,0.73,0.794,5,4,3,0.683,2024-11-09,0
TI2-0403,S3,S3-Q02142,Explanation excerpt 403 from Document Summarization and QA.,PARTIALLY_FAITHFUL,PARTIALLY_FAITHFUL,FAITHFUL,PARTIALLY_FAITHFUL,0.605,0.561,0.762,0.852,3,3,4,0.683,2024-12-16,0
TI2-0404,S4,S4-Q25649,Explanation excerpt 404 from Medical Triage Assistant.,FAITHFUL,FAITHFUL,FAITHFUL,FAITHFUL,0.667,0.758,0.899,0.846,4,3,5,0.683,2024-12-13,0
TI2-0405,S1,S1-Q20849,Explanation excerpt 405 from Customer Support Chatbot.,FAITHFUL,UNFAITHFUL,FAITHFUL,FAITHFUL,0.781,0.675,0.68,0.846,5,3,4,0.683,2024-12-04,0
TI2-0406,S2,S2-Q10424,Explanation excerpt 406 from AI Code Assistant IDE Plugin.,FAITHFUL,FAITHFUL,FAITHFUL,FAITHFUL,0.932,0.582,0.678,0.712,5,4,5,0.683,2024-12-20,0
TI2-0407,S3,S3-Q25062,Explanation excerpt 407 from Document Summarization and QA.,PARTIALLY_FAITHFUL,FAITHFUL,FAITHFUL,FAITHFUL,0.609,0.794,0.945,0.785,5,3,5,0.683,2024-11-15,0
TI2-0408,S4,S4-Q47600,Explanation excerpt 408 from Medical Triage Assistant.,FAITHFUL,FAITHFUL,FAITHFUL,FAITHFUL,0.873,0.814,0.881,0.794,3,5,3,0.683,2024-11-05,0
TI2-0409,S1,S1-Q30090,Explanation excerpt 409 from Customer Support Chatbot.,FAITHFUL,FAITHFUL,FAITHFUL,FAITHFUL,0.925,0.549,0.693,0.647,5,3,3,0.683,2024-10-24,0
TI2-0410,S2,S2-Q32181,Explanation excerpt 410 from AI Code Assistant IDE Plugin.,FAITHFUL,FAITHFUL,FAITHFUL,FAITHFUL,0.878,0.665,0.796,0.782,3,4,3,0.683,2024-10-27,0
TI2-0411,S3,S3-Q19580,Explanation excerpt 411 from Document Summarization and QA.,PARTIALLY_FAITHFUL,FAITHFUL,FAITHFUL,FAITHFUL,0.604,0.571,0.82,0.774,4,3,3,0.683,2024-10-05,0
TI2-0412,S4,S4-Q00329,Explanation excerpt 412 from Medical Triage Assistant.,FAITHFUL,FAITHFUL,FAITHFUL,FAITHFUL,0.655,0.797,0.928,0.621,5,5,5,0.683,2024-10-04,0
TI2-0413,S1,S1-Q14219,Explanation excerpt 413 from Customer Support Chatbot.,FAITHFUL,FAITHFUL,PARTIALLY_FAITHFUL,FAITHFUL,0.61,0.555,0.675,0.806,3,4,3,0.683,2024-10-17,0
TI2-0414,S2,S2-Q42725,Explanation excerpt 414 from AI Code Assistant IDE Plugin.,FAITHFUL,FAITHFUL,UNFAITHFUL,FAITHFUL,0.703,0.798,0.799,0.74,4,5,5,0.683,2024-11-21,0
TI2-0415,S3,S3-Q06744,Explanation excerpt 415 from Document Summarization and QA.,UNFAITHFUL,FAITHFUL,FAITHFUL,FAITHFUL,0.804,0.807,0.743,0.844,5,4,4,0.683,2024-12-02,0
TI2-0416,S4,S4-Q07049,Explanation excerpt 416 from Medical Triage Assistant.,FAITHFUL,FAITHFUL,FAITHFUL,FAITHFUL,0.813,0.672,0.82,0.688,4,4,5,0.683,2024-12-20,0
TI2-0417,S1,S1-Q26858,Explanation excerpt 417 from Customer Support Chatbot.,PARTIALLY_FAITHFUL,FAITHFUL,UNFAITHFUL,UNFAITHFUL,0.703,0.831,0.844,0.907,5,4,5,0.683,2024-11-15,1
TI2-0418,S2,S2-Q16078,Explanation excerpt 418 from AI Code Assistant IDE Plugin.,FAITHFUL,FAITHFUL,PARTIALLY_FAITHFUL,FAITHFUL,0.625,0.763,0.762,0.838,4,3,4,0.683,2024-10-16,0
TI2-0419,S3,S3-Q21074,Explanation excerpt 419 from Document Summarization and QA.,FAITHFUL,PARTIALLY_FAITHFUL,PARTIALLY_FAITHFUL,PARTIALLY_FAITHFUL,0.915,0.725,0.766,0.773,3,4,5,0.683,2024-12-07,0
TI2-0420,S4,S4-Q42354,Explanation excerpt 420 from Medical Triage Assistant.,FAITHFUL,FAITHFUL,FAITHFUL,FAITHFUL,0.748,0.802,0.745,0.668,5,3,5,0.683,2024-10-26,0
TI2-0421,S1,S1-Q08133,Explanation excerpt 421 from Customer Support Chatbot.,FAITHFUL,FAITHFUL,FAITHFUL,FAITHFUL,0.758,0.741,0.827,0.637,4,4,3,0.683,2024-10-03,0
TI2-0422,S2,S2-Q08590,Explanation excerpt 422 from AI Code Assistant IDE Plugin.,FAITHFUL,PARTIALLY_FAITHFUL,PARTIALLY_FAITHFUL,PARTIALLY_FAITHFUL,0.895,0.661,0.919,0.89,3,4,4,0.683,2024-10-06,0
TI2-0423,S3,S3-Q18002,Explanation excerpt 423 from Document Summarization and QA.,FAITHFUL,FAITHFUL,FAITHFUL,FAITHFUL,0.711,0.638,0.674,0.837,4,5,4,0.683,2024-12-03,0
TI2-0424,S4,S4-Q07957,Explanation excerpt 424 from Medical Triage Assistant.,FAITHFUL,FAITHFUL,FAITHFUL,FAITHFUL,0.895,0.875,0.681,0.633,4,4,5,0.683,2024-10-02,0
TI2-0425,S1,S1-Q11154,Explanation excerpt 425 from Customer Support Chatbot.,FAITHFUL,UNFAITHFUL,UNFAITHFUL,UNFAITHFUL,0.631,0.79,0.894,0.852,5,4,3,0.683,2024-12-08,0
TI2-0426,S2,S2-Q03146,Explanation excerpt 426 from AI Code Assistant IDE Plugin.,UNFAITHFUL,UNFAITHFUL,PARTIALLY_FAITHFUL,UNFAITHFUL,0.932,0.53,0.749,0.777,4,3,3,0.683,2024-11-18,0
TI2-0427,S3,S3-Q20928,Explanation excerpt 427 from Document Summarization and QA.,FAITHFUL,FAITHFUL,FAITHFUL,FAITHFUL,0.902,0.801,0.916,0.907,4,3,3,0.683,2024-11-22,0
TI2-0428,S4,S4-Q43337,Explanation excerpt 428 from Medical Triage Assistant.,FAITHFUL,FAITHFUL,FAITHFUL,FAITHFUL,0.772,0.612,0.882,0.729,3,5,4,0.683,2024-10-12,0
TI2-0429,S1,S1-Q42411,Explanation excerpt 429 from Customer Support Chatbot.,FAITHFUL,FAITHFUL,FAITHFUL,FAITHFUL,0.857,0.582,0.673,0.91,5,3,5,0.683,2024-10-08,0
TI2-0430,S2,S2-Q06851,Explanation excerpt 430 from AI Code Assistant IDE Plugin.,FAITHFUL,PARTIALLY_FAITHFUL,FAITHFUL,FAITHFUL,0.719,0.826,0.878,0.74,4,3,4,0.683,2024-11-10,0
TI2-0431,S3,S3-Q08524,Explanation excerpt 431 from Document Summarization and QA.,PARTIALLY_FAITHFUL,FAITHFUL,FAITHFUL,FAITHFUL,0.677,0.645,0.943,0.871,3,5,3,0.683,2024-12-05,0
TI2-0432,S4,S4-Q20130,Explanation excerpt 432 from Medical Triage Assistant.,FAITHFUL,FAITHFUL,FAITHFUL,FAITHFUL,0.933,0.731,0.681,0.721,4,3,5,0.683,2024-10-14,0
TI2-0433,S1,S1-Q31211,Explanation excerpt 433 from Customer Support Chatbot.,PARTIALLY_FAITHFUL,FAITHFUL,UNFAITHFUL,UNFAITHFUL,0.832,0.681,0.73,0.893,3,4,3,0.683,2024-10-11,1
TI2-0434,S2,S2-Q03484,Explanation excerpt 434 from AI Code Assistant IDE Plugin.,FAITHFUL,FAITHFUL,FAITHFUL,FAITHFUL,0.754,0.648,0.665,0.692,4,5,4,0.683,2024-11-24,0
TI2-0435,S3,S3-Q32350,Explanation excerpt 435 from Document Summarization and QA.,FAITHFUL,FAITHFUL,FAITHFUL,FAITHFUL,0.782,0.544,0.665,0.642,4,5,5,0.683,2024-10-15,0
TI2-0436,S4,S4-Q34874,Explanation excerpt 436 from Medical Triage Assistant.,FAITHFUL,FAITHFUL,FAITHFUL,FAITHFUL,0.635,0.591,0.836,0.815,4,3,3,0.683,2024-11-20,0
TI2-0437,S1,S1-Q13482,Explanation excerpt 437 from Customer Support Chatbot.,FAITHFUL,FAITHFUL,PARTIALLY_FAITHFUL,FAITHFUL,0.66,0.581,0.841,0.811,5,4,4,0.683,2024-11-06,0
TI2-0438,S2,S2-Q48438,Explanation excerpt 438 from AI Code Assistant IDE Plugin.,PARTIALLY_FAITHFUL,FAITHFUL,FAITHFUL,FAITHFUL,0.707,0.863,0.722,0.667,5,5,4,0.683,2024-10-09,0
TI2-0439,S3,S3-Q28045,Explanation excerpt 439 from Document Summarization and QA.,FAITHFUL,FAITHFUL,FAITHFUL,FAITHFUL,0.717,0.571,0.729,0.578,3,5,4,0.683,2024-12-26,0
TI2-0440,S4,S4-Q32002,Explanation excerpt 440 from Medical Triage Assistant.,PARTIALLY_FAITHFUL,FAITHFUL,FAITHFUL,FAITHFUL,0.906,0.689,0.664,0.556,4,5,3,0.683,2024-12-27,0
TI2-0441,S1,S1-Q06554,Explanation excerpt 441 from Customer Support Chatbot.,UNFAITHFUL,PARTIALLY_FAITHFUL,FAITHFUL,PARTIALLY_FAITHFUL,0.707,0.794,0.786,0.822,3,3,3,0.683,2024-12-09,1
TI2-0442,S2,S2-Q46541,Explanation excerpt 442 from AI Code Assistant IDE Plugin.,FAITHFUL,FAITHFUL,FAITHFUL,FAITHFUL,0.717,0.707,0.849,0.87,3,4,4,0.683,2024-12-16,0
TI2-0443,S3,S3-Q26891,Explanation excerpt 443 from Document Summarization and QA.,FAITHFUL,FAITHFUL,FAITHFUL,FAITHFUL,0.9,0.764,0.692,0.734,5,3,3,0.683,2024-11-01,0
TI2-0444,S4,S4-Q12704,Explanation excerpt 444 from Medical Triage Assistant.,FAITHFUL,FAITHFUL,FAITHFUL,FAITHFUL,0.922,0.651,0.682,0.651,3,5,3,0.683,2024-12-20,0
TI2-0445,S1,S1-Q44504,Explanation excerpt 445 from Customer Support Chatbot.,PARTIALLY_FAITHFUL,UNFAITHFUL,FAITHFUL,UNFAITHFUL,0.722,0.632,0.827,0.9,5,3,4,0.683,2024-11-05,1
TI2-0446,S2,S2-Q28408,Explanation excerpt 446 from AI Code Assistant IDE Plugin.,FAITHFUL,FAITHFUL,FAITHFUL,FAITHFUL,0.878,0.727,0.888,0.678,4,5,3,0.683,2024-10-15,0
TI2-0447,S3,S3-Q34288,Explanation excerpt 447 from Document Summarization and QA.,UNFAITHFUL,FAITHFUL,PARTIALLY_FAITHFUL,PARTIALLY_FAITHFUL,0.938,0.75,0.849,0.662,4,5,3,0.683,2024-11-06,1
TI2-0448,S4,S4-Q08090,Explanation excerpt 448 from Medical Triage Assistant.,FAITHFUL,FAITHFUL,FAITHFUL,FAITHFUL,0.619,0.622,0.779,0.794,3,4,5,0.683,2024-10-01,0
TI2-0449,S1,S1-Q10161,Explanation excerpt 449 from Customer Support Chatbot.,FAITHFUL,FAITHFUL,UNFAITHFUL,FAITHFUL,0.934,0.785,0.693,0.821,5,5,5,0.683,2024-11-25,0
TI2-0450,S2,S2-Q44467,Explanation excerpt 450 from AI Code Assistant IDE Plugin.,FAITHFUL,FAITHFUL,FAITHFUL,FAITHFUL,0.823,0.669,0.94,0.586,4,4,3,0.683,2024-11-03,0
TI2-0451,S3,S3-Q37891,Explanation excerpt 451 from Document Summarization and QA.,UNFAITHFUL,FAITHFUL,FAITHFUL,FAITHFUL,0.649,0.807,0.725,0.704,4,5,4,0.724,2024-10-26,0
TI2-0452,S4,S4-Q12018,Explanation excerpt 452 from Medical Triage Assistant.,FAITHFUL,FAITHFUL,FAITHFUL,FAITHFUL,0.732,0.85,0.781,0.601,5,4,5,0.724,2024-11-26,0
TI2-0453,S1,S1-Q28028,Explanation excerpt 453 from Customer Support Chatbot.,PARTIALLY_FAITHFUL,FAITHFUL,PARTIALLY_FAITHFUL,PARTIALLY_FAITHFUL,0.763,0.885,0.788,0.888,4,4,4,0.724,2024-10-04,0
TI2-0454,S2,S2-Q38033,Explanation excerpt 454 from AI Code Assistant IDE Plugin.,UNFAITHFUL,FAITHFUL,PARTIALLY_FAITHFUL,PARTIALLY_FAITHFUL,0.779,0.551,0.813,0.759,5,4,3,0.724,2024-11-07,1
TI2-0455,S3,S3-Q33949,Explanation excerpt 455 from Document Summarization and QA.,FAITHFUL,PARTIALLY_FAITHFUL,FAITHFUL,FAITHFUL,0.761,0.522,0.666,0.857,5,3,4,0.724,2024-12-23,0
TI2-0456,S4,S4-Q21713,Explanation excerpt 456 from Medical Triage Assistant.,FAITHFUL,FAITHFUL,PARTIALLY_FAITHFUL,FAITHFUL,0.903,0.549,0.825,0.739,5,4,5,0.724,2024-12-31,0
TI2-0457,S1,S1-Q14651,Explanation excerpt 457 from Customer Support Chatbot.,FAITHFUL,FAITHFUL,FAITHFUL,FAITHFUL,0.913,0.756,0.696,0.782,5,4,3,0.724,2024-10-01,0
TI2-0458,S2,S2-Q39571,Explanation excerpt 458 from AI Code Assistant IDE Plugin.,PARTIALLY_FAITHFUL,PARTIALLY_FAITHFUL,FAITHFUL,PARTIALLY_FAITHFUL,0.908,0.708,0.724,0.588,3,3,3,0.724,2024-10-04,0
TI2-0459,S3,S3-Q31702,Explanation excerpt 459 from Document Summarization and QA.,PARTIALLY_FAITHFUL,FAITHFUL,FAITHFUL,FAITHFUL,0.944,0.828,0.903,0.752,3,4,4,0.724,2024-12-18,0
TI2-0460,S4,S4-Q01420,Explanation excerpt 460 from Medical Triage Assistant.,FAITHFUL,PARTIALLY_FAITHFUL,FAITHFUL,FAITHFUL,0.665,0.827,0.847,0.613,4,3,5,0.724,2024-12-29,0
TI2-0461,S1,S1-Q32307,Explanation excerpt 461 from Customer Support Chatbot.,FAITHFUL,FAITHFUL,FAITHFUL,FAITHFUL,0.729,0.61,0.766,0.846,5,3,5,0.724,2024-11-29,0
TI2-0462,S2,S2-Q25522,Explanation excerpt 462 from AI Code Assistant IDE Plugin.,FAITHFUL,FAITHFUL,FAITHFUL,FAITHFUL,0.604,0.621,0.844,0.88,4,3,5,0.724,2024-12-19,0
TI2-0463,S3,S3-Q30039,Explanation excerpt 463 from Document Summarization and QA.,FAITHFUL,UNFAITHFUL,FAITHFUL,FAITHFUL,0.697,0.893,0.757,0.867,3,4,5,0.724,2024-12-04,0
TI2-0464,S4,S4-Q42987,Explanation excerpt 464 from Medical Triage Assistant.,FAITHFUL,UNFAITHFUL,FAITHFUL,FAITHFUL,0.653,0.762,0.819,0.72,5,3,3,0.724,2024-10-18,0
TI2-0465,S1,S1-Q31703,Explanation excerpt 465 from Customer Support Chatbot.,FAITHFUL,PARTIALLY_FAITHFUL,FAITHFUL,FAITHFUL,0.732,0.689,0.848,0.763,4,3,5,0.724,2024-12-04,0
TI2-0466,S2,S2-Q22813,Explanation excerpt 466 from AI Code Assistant IDE Plugin.,PARTIALLY_FAITHFUL,FAITHFUL,FAITHFUL,FAITHFUL,0.805,0.832,0.67,0.561,4,5,5,0.724,2024-10-21,0
TI2-0467,S3,S3-Q49802,Explanation excerpt 467 from Document Summarization and QA.,FAITHFUL,FAITHFUL,FAITHFUL,FAITHFUL,0.681,0.809,0.925,0.844,5,4,4,0.724,2024-10-14,0
TI2-0468,S4,S4-Q40102,Explanation excerpt 468 from Medical Triage Assistant.,PARTIALLY_FAITHFUL,FAITHFUL,PARTIALLY_FAITHFUL,PARTIALLY_FAITHFUL,0.688,0.515,0.875,0.713,4,3,3,0.724,2024-11-17,0
TI2-0469,S1,S1-Q29460,Explanation excerpt 469 from Customer Support Chatbot.,PARTIALLY_FAITHFUL,PARTIALLY_FAITHFUL,UNFAITHFUL,PARTIALLY_FAITHFUL,0.732,0.896,0.822,0.624,4,3,5,0.724,2024-11-02,0
TI2-0470,S2,S2-Q34638,Explanation excerpt 470 from AI Code Assistant IDE Plugin.,FAITHFUL,PARTIALLY_FAITHFUL,FAITHFUL,FAITHFUL,0.883,0.577,0.825,0.783,5,3,4,0.724,2024-12-25,0
TI2-0471,S3,S3-Q37244,Explanation excerpt 471 from Document Summarization and QA.,FAITHFUL,FAITHFUL,FAITHFUL,FAITHFUL,0.791,0.529,0.706,0.82,3,4,4,0.724,2024-12-22,0
TI2-0472,S4,S4-Q23363,Explanation excerpt 472 from Medical Triage Assistant.,FAITHFUL,FAITHFUL,FAITHFUL,FAITHFUL,0.816,0.723,0.691,0.575,4,5,4,0.724,2024-11-24,0
TI2-0473,S1,S1-Q06614,Explanation excerpt 473 from Customer Support Chatbot.,PARTIALLY_FAITHFUL,UNFAITHFUL,PARTIALLY_FAITHFUL,PARTIALLY_FAITHFUL,0.641,0.592,0.83,0.672,3,5,4,0.724,2024-10-29,0
TI2-0474,S2,S2-Q04454,Explanation excerpt 474 from AI Code Assistant IDE Plugin.,PARTIALLY_FAITHFUL,FAITHFUL,PARTIALLY_FAITHFUL,PARTIALLY_FAITHFUL,0.905,0.563,0.736,0.748,4,5,4,0.724,2024-10-31,0
TI2-0475,S3,S3-Q35779,Explanation excerpt 475 from Document Summarization and QA.,PARTIALLY_FAITHFUL,UNFAITHFUL,FAITHFUL,UNFAITHFUL,0.844,0.544,0.791,0.889,4,5,3,0.724,2024-11-03,1
TI2-0476,S4,S4-Q09129,Explanation excerpt 476 from Medical Triage Assistant.,FAITHFUL,FAITHFUL,FAITHFUL,FAITHFUL,0.671,0.827,0.749,0.83,3,4,3,0.724,2024-10-08,0
TI2-0477,S1,S1-Q22666,Explanation excerpt 477 from Customer Support Chatbot.,FAITHFUL,FAITHFUL,UNFAITHFUL,FAITHFUL,0.943,0.88,0.829,0.777,5,5,3,0.724,2024-10-11,0
TI2-0478,S2,S2-Q02334,Explanation excerpt 478 from AI Code Assistant IDE Plugin.,UNFAITHFUL,FAITHFUL,FAITHFUL,FAITHFUL,0.774,0.59,0.755,0.727,5,3,3,0.724,2024-10-30,0
TI2-0479,S3,S3-Q24864,Explanation excerpt 479 from Document Summarization and QA.,FAITHFUL,FAITHFUL,PARTIALLY_FAITHFUL,FAITHFUL,0.839,0.795,0.816,0.569,3,5,5,0.724,2024-11-18,0
TI2-0480,S4,S4-Q07733,Explanation excerpt 480 from Medical Triage Assistant.,FAITHFUL,FAITHFUL,FAITHFUL,FAITHFUL,0.914,0.893,0.76,0.622,3,3,4,0.724,2024-11-25,0
TI2-0481,S1,S1-Q48987,Explanation excerpt 481 from Customer Support Chatbot.,UNFAITHFUL,FAITHFUL,FAITHFUL,FAITHFUL,0.863,0.823,0.811,0.567,3,3,4,0.724,2024-10-02,0
TI2-0482,S2,S2-Q11836,Explanation excerpt 482 from AI Code Assistant IDE Plugin.,PARTIALLY_FAITHFUL,FAITHFUL,FAITHFUL,FAITHFUL,0.699,0.626,0.831,0.879,3,3,4,0.724,2024-11-07,0
TI2-0483,S3,S3-Q16398,Explanation excerpt 483 from Document Summarization and QA.,FAITHFUL,FAITHFUL,FAITHFUL,FAITHFUL,0.928,0.582,0.862,0.851,5,3,3,0.724,2024-10-29,0
TI2-0484,S4,S4-Q16005,Explanation excerpt 484 from Medical Triage Assistant.,FAITHFUL,FAITHFUL,FAITHFUL,FAITHFUL,0.784,0.607,0.859,0.736,5,4,5,0.724,2024-10-07,0
TI2-0485,S1,S1-Q13341,Explanation excerpt 485 from Customer Support Chatbot.,FAITHFUL,FAITHFUL,UNFAITHFUL,FAITHFUL,0.919,0.837,0.806,0.663,4,4,3,0.724,2024-12-10,0
TI2-0486,S2,S2-Q45767,Explanation excerpt 486 from AI Code Assistant IDE Plugin.,FAITHFUL,FAITHFUL,PARTIALLY_FAITHFUL,FAITHFUL,0.754,0.806,0.936,0.558,3,3,3,0.724,2024-10-05,0
TI2-0487,S3,S3-Q39961,Explanation excerpt 487 from Document Summarization and QA.,FAITHFUL,FAITHFUL,FAITHFUL,FAITHFUL,0.734,0.508,0.765,0.714,3,3,4,0.724,2024-10-29,0
TI2-0488,S4,S4-Q02052,Explanation excerpt 488 from Medical Triage Assistant.,FAITHFUL,FAITHFUL,FAITHFUL,FAITHFUL,0.79,0.639,0.658,0.775,3,5,4,0.724,2024-11-13,0
TI2-0489,S1,S1-Q22345,Explanation excerpt 489 from Customer Support Chatbot.,UNFAITHFUL,UNFAITHFUL,PARTIALLY_FAITHFUL,UNFAITHFUL,0.854,0.749,0.91,0.84,5,3,3,0.724,2024-10-08,0
TI2-0490,S2,S2-Q30377,Explanation excerpt 490 from AI Code Assistant IDE Plugin.,PARTIALLY_FAITHFUL,FAITHFUL,UNFAITHFUL,UNFAITHFUL,0.748,0.788,0.881,0.646,5,4,5,0.724,2024-11-18,1
TI2-0491,S3,S3-Q17983,Explanation excerpt 491 from Document Summarization and QA.,FAITHFUL,UNFAITHFUL,FAITHFUL,FAITHFUL,0.63,0.6,0.813,0.675,3,4,5,0.724,2024-11-20,0
TI2-0492,S4,S4-Q00809,Explanation excerpt 492 from Medical Triage Assistant.,FAITHFUL,FAITHFUL,FAITHFUL,FAITHFUL,0.644,0.727,0.746,0.648,4,5,5,0.724,2024-10-23,0
TI2-0493,S1,S1-Q41796,Explanation excerpt 493 from Customer Support Chatbot.,FAITHFUL,FAITHFUL,FAITHFUL,FAITHFUL,0.896,0.587,0.668,0.897,3,4,4,0.724,2024-11-05,0
TI2-0494,S2,S2-Q18098,Explanation excerpt 494 from AI Code Assistant IDE Plugin.,UNFAITHFUL,FAITHFUL,UNFAITHFUL,UNFAITHFUL,0.691,0.698,0.718,0.615,4,3,4,0.724,2024-12-19,0
TI2-0495,S3,S3-Q28857,Explanation excerpt 495 from Document Summarization and QA.,FAITHFUL,FAITHFUL,FAITHFUL,FAITHFUL,0.803,0.517,0.865,0.573,3,5,5,0.724,2024-12-31,0
TI2-0496,S4,S4-Q02932,Explanation excerpt 496 from Medical Triage Assistant.,UNFAITHFUL,UNFAITHFUL,FAITHFUL,UNFAITHFUL,0.81,0.64,0.673,0.714,4,5,5,0.724,2024-12-05,0
TI2-0497,S1,S1-Q42067,Explanation excerpt 497 from Customer Support Chatbot.,FAITHFUL,FAITHFUL,PARTIALLY_FAITHFUL,FAITHFUL,0.749,0.613,0.657,0.775,5,4,3,0.724,2024-11-16,0
TI2-0498,S2,S2-Q02042,Explanation excerpt 498 from AI Code Assistant IDE Plugin.,FAITHFUL,FAITHFUL,PARTIALLY_FAITHFUL,FAITHFUL,0.656,0.518,0.929,0.887,4,4,5,0.724,2024-10-04,0
TI2-0499,S3,S3-Q38109,Explanation excerpt 499 from Document Summarization and QA.,FAITHFUL,FAITHFUL,FAITHFUL,FAITHFUL,0.849,0.876,0.764,0.766,5,5,5,0.724,2024-12-24,0
TI2-0500,S4,S4-Q37055,Explanation excerpt 500 from Medical Triage Assistant.,PARTIALLY_FAITHFUL,FAITHFUL,UNFAITHFUL,UNFAITHFUL,0.776,0.73,0.814,0.705,3,3,3,0.724,2024-10-16,1
