rating_id,system_id,session_id,rating_date,q1_clarity,q2_understandability,q3_trust,q4_usefulness,q5_satisfaction,composite_score,user_segment
TI3-0001,S1,S1-SESS-71483,2024-10-12,3,3,3,3,3,3.0,new_user
TI3-0002,S3,S3-SESS-03479,2024-12-11,3,4,4,4,5,4.0,power_user
TI3-0003,S4,S4-SESS-99459,2024-10-21,4,3,4,5,4,4.0,new_user
TI3-0004,S1,S1-SESS-13397,2024-10-12,4,2,3,3,4,3.2,regular_user
TI3-0005,S3,S3-SESS-49616,2024-10-11,5,5,3,3,4,4.0,new_user
TI3-0006,S4,S4-SESS-25204,2024-12-30,4,4,5,5,4,4.4,power_user
TI3-0007,S1,S1-SESS-36435,2024-11-28,3,3,3,3,3,3.0,new_user
TI3-0008,S3,S3-SESS-91989,2024-12-27,4,4,3,3,5,3.8,new_user
TI3-0009,S4,S4-SESS-83887,2024-12-28,5,5,4,4,4,4.4,new_user
TI3-0010,S1,S1-SESS-04208,2024-11-10,3,3,3,3,3,3.0,regular_user
TI3-0011,S3,S3-SESS-51857,2024-12-22,4,4,5,3,3,3.8,regular_user
TI3-0012,S4,S4-SESS-97913,2024-12-14,5,5,5,4,4,4.6,regular_user
TI3-0013,S1,S1-SESS-06176,2024-10-15,3,2,3,5,2,3.0,power_user
TI3-0014,S3,S3-SESS-50020,2024-12-16,4,3,3,4,4,3.6,regular_user
TI3-0015,S4,S4-SESS-70382,2024-11-04,3,4,5,4,4,4.0,new_user
TI3-0016,S1,S1-SESS-94647,2024-11-03,2,2,3,3,3,2.6,new_user
TI3-0017,S3,S3-SESS-26072,2024-10-20,4,3,5,4,4,4.0,regular_user
TI3-0018,S4,S4-SESS-00075,2024-12-16,4,5,4,5,4,4.4,regular_user
TI3-0019,S1,S1-SESS-31572,2024-12-12,2,3,1,4,3,2.6,power_user
TI3-0020,S3,S3-SESS-16484,2024-10-17,3,4,4,5,4,4.0,new_user
TI3-0021,S4,S4-SESS-70687,2024-12-28,4,5,4,5,4,4.4,power_user
TI3-0022,S1,S1-SESS-67840,2024-11-27,3,3,2,2,2,2.4,power_user
TI3-0023,S3,S3-SESS-92779,2024-12-20,4,4,5,4,4,4.2,power_user
TI3-0024,S4,S4-SESS-31196,2024-11-05,4,5,5,5,4,4.6,new_user
TI3-0025,S1,S1-SESS-61994,2024-11-22,2,3,3,1,2,2.2,power_user
TI3-0026,S3,S3-SESS-95562,2024-10-07,4,5,4,3,4,4.0,new_user
TI3-0027,S4,S4-SESS-25113,2024-10-25,4,4,5,5,5,4.6,new_user
TI3-0028,S1,S1-SESS-09881,2024-11-26,2,2,3,3,3,2.6,new_user
TI3-0029,S3,S3-SESS-30983,2024-10-22,5,4,4,4,5,4.4,regular_user
TI3-0030,S4,S4-SESS-49673,2024-10-01,5,4,4,4,5,4.4,regular_user
TI3-0031,S1,S1-SESS-72846,2024-12-24,3,4,2,3,5,3.4,new_user
TI3-0032,S3,S3-SESS-96435,2024-12-09,3,3,4,4,4,3.6,power_user
TI3-0033,S4,S4-SESS-66563,2024-10-11,4,4,4,4,5,4.2,power_user
TI3-0034,S1,S1-SESS-74669,2024-11-01,2,3,3,3,2,2.6,new_user
TI3-0035,S3,S3-SESS-26773,2024-12-25,3,3,3,4,2,3.0,new_user
TI3-0036,S4,S4-SESS-59930,2024-11-10,4,4,5,5,5,4.6,power_user
TI3-0037,S1,S1-SESS-17362,2024-11-14,4,3,3,3,2,3.0,power_user
TI3-0038,S3,S3-SESS-92215,2024-11-08,4,4,3,4,5,4.0,new_user
TI3-0039,S4,S4-SESS-13578,2024-10-18,5,4,3,4,3,3.8,regular_user
TI3-0040,S1,S1-SESS-79277,2024-10-27,2,3,3,2,3,2.6,new_user
TI3-0041,S3,S3-SESS-06659,2024-10-12,3,5,4,3,4,3.8,new_user
TI3-0042,S4,S4-SESS-83508,2024-11-03,5,4,5,5,4,4.6,power_user
TI3-0043,S1,S1-SESS-19537,2024-12-09,3,2,3,3,4,3.0,power_user
TI3-0044,S3,S3-SESS-40405,2024-11-16,4,4,3,4,4,3.8,power_user
TI3-0045,S4,S4-SESS-53265,2024-12-19,5,4,4,5,5,4.6,new_user
TI3-0046,S1,S1-SESS-23207,2024-11-22,1,4,4,4,1,2.8,power_user
TI3-0047,S3,S3-SESS-32528,2024-11-04,4,5,4,3,3,3.8,power_user
TI3-0048,S4,S4-SESS-29155,2024-10-26,3,5,4,5,3,4.0,regular_user
TI3-0049,S1,S1-SESS-36518,2024-10-09,2,4,3,2,2,2.6,regular_user
TI3-0050,S3,S3-SESS-43405,2024-10-04,3,3,4,3,3,3.2,power_user
TI3-0051,S4,S4-SESS-45310,2024-11-10,5,4,3,3,5,4.0,regular_user
TI3-0052,S1,S1-SESS-33387,2024-10-06,3,2,2,2,3,2.4,new_user
TI3-0053,S3,S3-SESS-25826,2024-11-16,3,4,4,3,5,3.8,regular_user
TI3-0054,S4,S4-SESS-16335,2024-11-08,4,5,5,4,5,4.6,new_user
TI3-0055,S1,S1-SESS-49696,2024-12-26,3,3,2,3,3,2.8,new_user
TI3-0056,S3,S3-SESS-00054,2024-11-08,4,5,3,3,5,4.0,regular_user
TI3-0057,S4,S4-SESS-67001,2024-11-30,5,5,4,4,3,4.2,new_user
TI3-0058,S1,S1-SESS-43934,2024-10-12,3,3,3,2,3,2.8,power_user
TI3-0059,S3,S3-SESS-09546,2024-11-28,4,3,4,4,4,3.8,regular_user
TI3-0060,S4,S4-SESS-52384,2024-11-01,5,5,4,4,4,4.4,power_user
TI3-0061,S1,S1-SESS-23054,2024-12-29,3,3,3,2,3,2.8,new_user
TI3-0062,S3,S3-SESS-17478,2024-11-29,4,3,4,4,4,3.8,new_user
TI3-0063,S4,S4-SESS-66163,2024-11-24,4,4,4,5,3,4.0,new_user
TI3-0064,S1,S1-SESS-98537,2024-11-01,3,2,3,3,2,2.6,new_user
TI3-0065,S3,S3-SESS-30736,2024-11-04,4,5,3,4,3,3.8,regular_user
TI3-0066,S4,S4-SESS-90958,2024-10-20,5,4,5,5,5,4.8,new_user
TI3-0067,S1,S1-SESS-51050,2024-12-14,3,4,2,3,4,3.2,new_user
TI3-0068,S3,S3-SESS-46106,2024-11-08,4,5,4,3,3,3.8,regular_user
TI3-0069,S4,S4-SESS-28907,2024-12-02,5,3,3,5,4,4.0,power_user
TI3-0070,S1,S1-SESS-52995,2024-10-22,3,3,4,2,3,3.0,regular_user
TI3-0071,S3,S3-SESS-11004,2024-12-22,5,3,2,3,3,3.2,regular_user
TI3-0072,S4,S4-SESS-27743,2024-11-28,4,5,5,5,5,4.8,regular_user
TI3-0073,S1,S1-SESS-61645,2024-10-03,2,4,2,4,2,2.8,new_user
TI3-0074,S3,S3-SESS-85427,2024-10-06,4,1,3,3,5,3.2,power_user
TI3-0075,S4,S4-SESS-73921,2024-10-28,5,4,5,5,5,4.8,regular_user
TI3-0076,S1,S1-SESS-98033,2024-12-31,4,2,2,3,4,3.0,power_user
TI3-0077,S3,S3-SESS-49193,2024-11-20,4,3,3,5,5,4.0,new_user
TI3-0078,S4,S4-SESS-91383,2024-11-08,4,5,5,5,4,4.6,new_user
TI3-0079,S1,S1-SESS-48572,2024-10-09,3,3,4,3,2,3.0,new_user
TI3-0080,S3,S3-SESS-56823,2024-11-16,4,4,4,3,4,3.8,new_user
TI3-0081,S4,S4-SESS-80729,2024-12-08,5,4,5,5,3,4.4,regular_user
TI3-0082,S1,S1-SESS-32178,2024-10-12,3,2,3,2,2,2.4,regular_user
TI3-0083,S3,S3-SESS-42601,2024-10-24,4,3,3,4,4,3.6,regular_user
TI3-0084,S4,S4-SESS-91906,2024-11-05,5,5,5,4,5,4.8,new_user
TI3-0085,S1,S1-SESS-90520,2024-11-30,4,3,4,3,2,3.2,new_user
TI3-0086,S3,S3-SESS-53006,2024-12-28,4,4,3,4,4,3.8,power_user
TI3-0087,S4,S4-SESS-43358,2024-11-15,4,5,4,5,3,4.2,new_user
TI3-0088,S1,S1-SESS-41360,2024-10-16,3,2,3,3,4,3.0,new_user
TI3-0089,S3,S3-SESS-99642,2024-12-07,3,3,4,4,3,3.4,new_user
TI3-0090,S4,S4-SESS-23520,2024-11-08,5,4,5,5,5,4.8,power_user
TI3-0091,S1,S1-SESS-83607,2024-12-02,3,2,3,3,2,2.6,power_user
TI3-0092,S3,S3-SESS-24165,2024-10-07,5,4,3,3,4,3.8,regular_user
TI3-0093,S4,S4-SESS-07027,2024-10-20,5,4,5,4,5,4.6,power_user
TI3-0094,S1,S1-SESS-73148,2024-11-23,3,3,1,3,3,2.6,new_user
TI3-0095,S3,S3-SESS-77140,2024-11-24,3,3,4,3,4,3.4,regular_user
TI3-0096,S4,S4-SESS-99974,2024-10-27,4,4,4,5,4,4.2,new_user
TI3-0097,S1,S1-SESS-59049,2024-12-28,3,4,3,3,3,3.2,new_user
TI3-0098,S3,S3-SESS-59511,2024-10-10,4,4,4,4,4,4.0,new_user
TI3-0099,S4,S4-SESS-15044,2024-12-09,5,5,5,4,5,4.8,power_user
TI3-0100,S1,S1-SESS-21748,2024-11-09,2,2,2,3,3,2.4,new_user
TI3-0101,S3,S3-SESS-35684,2024-12-04,4,3,4,4,3,3.6,new_user
TI3-0102,S4,S4-SESS-42248,2024-12-17,3,4,4,5,5,4.2,regular_user
TI3-0103,S1,S1-SESS-88118,2024-11-04,3,3,2,2,3,2.6,new_user
TI3-0104,S3,S3-SESS-36459,2024-10-24,4,5,4,3,4,4.0,new_user
TI3-0105,S4,S4-SESS-13711,2024-10-21,3,5,5,4,4,4.2,regular_user
TI3-0106,S1,S1-SESS-99681,2024-12-10,3,2,3,2,2,2.4,power_user
TI3-0107,S3,S3-SESS-00151,2024-12-24,3,4,3,5,3,3.6,new_user
TI3-0108,S4,S4-SESS-65339,2024-12-20,5,4,5,3,4,4.2,regular_user
TI3-0109,S1,S1-SESS-15916,2024-10-04,3,2,1,2,2,2.0,new_user
TI3-0110,S3,S3-SESS-72385,2024-11-22,4,3,3,4,4,3.6,power_user
TI3-0111,S4,S4-SESS-93927,2024-11-07,5,5,5,5,4,4.8,new_user
TI3-0112,S1,S1-SESS-59872,2024-12-10,2,3,2,2,3,2.4,power_user
TI3-0113,S3,S3-SESS-54388,2024-11-13,3,5,2,4,4,3.6,new_user
TI3-0114,S4,S4-SESS-76012,2024-12-24,4,4,4,4,3,3.8,regular_user
TI3-0115,S1,S1-SESS-42177,2024-10-25,3,2,2,3,3,2.6,new_user
TI3-0116,S3,S3-SESS-41705,2024-11-30,3,4,4,4,3,3.6,new_user
TI3-0117,S4,S4-SESS-04853,2024-10-17,5,4,5,4,4,4.4,new_user
TI3-0118,S1,S1-SESS-13070,2024-12-07,2,3,3,4,4,3.2,regular_user
TI3-0119,S3,S3-SESS-34738,2024-11-13,4,4,5,2,5,4.0,new_user
TI3-0120,S4,S4-SESS-69943,2024-11-18,5,4,4,5,3,4.2,regular_user
TI3-0121,S1,S1-SESS-89706,2024-11-06,2,2,2,3,2,2.2,power_user
TI3-0122,S3,S3-SESS-13174,2024-11-26,3,4,3,5,4,3.8,power_user
TI3-0123,S4,S4-SESS-19081,2024-11-01,4,3,5,5,4,4.2,new_user
TI3-0124,S1,S1-SESS-79888,2024-11-18,3,2,3,3,3,2.8,new_user
TI3-0125,S3,S3-SESS-87405,2024-10-02,3,3,3,3,3,3.0,regular_user
TI3-0126,S4,S4-SESS-45294,2024-12-15,4,5,4,5,5,4.6,regular_user
TI3-0127,S1,S1-SESS-63336,2024-10-14,2,2,3,4,3,2.8,power_user
TI3-0128,S3,S3-SESS-02876,2024-12-24,4,3,4,3,5,3.8,regular_user
TI3-0129,S4,S4-SESS-65108,2024-11-06,4,5,4,3,5,4.2,power_user
TI3-0130,S1,S1-SESS-88836,2024-12-24,3,2,2,2,2,2.2,new_user
TI3-0131,S3,S3-SESS-75966,2024-11-16,4,3,5,3,3,3.6,new_user
TI3-0132,S4,S4-SESS-26319,2024-10-17,5,5,5,4,5,4.8,new_user
TI3-0133,S1,S1-SESS-63157,2024-11-07,3,2,2,3,4,2.8,new_user
TI3-0134,S3,S3-SESS-98849,2024-10-29,5,5,3,3,4,4.0,new_user
TI3-0135,S4,S4-SESS-01825,2024-11-03,4,3,5,4,4,4.0,new_user
TI3-0136,S1,S1-SESS-49942,2024-12-21,4,3,3,3,2,3.0,regular_user
TI3-0137,S3,S3-SESS-29016,2024-12-22,4,4,5,4,2,3.8,power_user
TI3-0138,S4,S4-SESS-15293,2024-10-18,4,4,4,4,3,3.8,power_user
TI3-0139,S1,S1-SESS-59460,2024-11-17,3,3,2,3,3,2.8,new_user
TI3-0140,S3,S3-SESS-95237,2024-10-20,4,5,3,3,4,3.8,regular_user
TI3-0141,S4,S4-SESS-28478,2024-11-26,4,3,3,3,4,3.4,regular_user
TI3-0142,S1,S1-SESS-71365,2024-12-22,4,4,2,4,3,3.4,regular_user
TI3-0143,S3,S3-SESS-27802,2024-12-22,4,4,5,3,4,4.0,new_user
TI3-0144,S4,S4-SESS-16506,2024-12-12,4,4,4,5,4,4.2,power_user
TI3-0145,S1,S1-SESS-19341,2024-12-16,4,3,3,3,3,3.2,power_user
TI3-0146,S3,S3-SESS-22872,2024-10-15,3,3,5,5,4,4.0,new_user
TI3-0147,S4,S4-SESS-34783,2024-10-07,5,4,4,5,4,4.4,power_user
TI3-0148,S1,S1-SESS-47454,2024-12-05,3,3,2,3,2,2.6,new_user
TI3-0149,S3,S3-SESS-68348,2024-11-08,4,4,4,4,4,4.0,regular_user
TI3-0150,S4,S4-SESS-55873,2024-12-27,3,4,4,5,4,4.0,power_user
TI3-0151,S1,S1-SESS-36047,2024-12-19,1,3,3,3,3,2.6,new_user
TI3-0152,S3,S3-SESS-38653,2024-11-28,4,3,3,3,4,3.4,new_user
TI3-0153,S4,S4-SESS-94482,2024-10-28,4,4,4,3,4,3.8,regular_user
TI3-0154,S1,S1-SESS-54525,2024-10-13,2,2,3,2,3,2.4,regular_user
TI3-0155,S3,S3-SESS-11189,2024-10-12,3,4,3,4,4,3.6,regular_user
TI3-0156,S4,S4-SESS-76870,2024-12-11,4,5,5,5,4,4.6,new_user
TI3-0157,S1,S1-SESS-94511,2024-10-07,3,3,2,4,3,3.0,regular_user
TI3-0158,S3,S3-SESS-86080,2024-12-01,2,3,3,3,4,3.0,power_user
TI3-0159,S4,S4-SESS-56245,2024-12-11,5,4,4,4,4,4.2,new_user
TI3-0160,S1,S1-SESS-90895,2024-11-04,3,2,2,4,3,2.8,power_user
TI3-0161,S3,S3-SESS-74229,2024-12-24,4,5,4,4,5,4.4,regular_user
TI3-0162,S4,S4-SESS-69532,2024-10-28,5,5,5,5,4,4.8,regular_user
TI3-0163,S1,S1-SESS-11136,2024-10-07,2,3,2,4,3,2.8,power_user
TI3-0164,S3,S3-SESS-86762,2024-11-24,3,4,5,3,3,3.6,regular_user
TI3-0165,S4,S4-SESS-88896,2024-12-26,4,4,5,5,4,4.4,new_user
TI3-0166,S1,S1-SESS-78555,2024-10-08,3,2,3,3,3,2.8,power_user
TI3-0167,S3,S3-SESS-65194,2024-11-25,4,5,4,3,4,4.0,power_user
TI3-0168,S4,S4-SESS-87563,2024-11-15,5,5,5,5,5,5.0,power_user
TI3-0169,S1,S1-SESS-56268,2024-12-13,2,3,2,3,3,2.6,regular_user
TI3-0170,S3,S3-SESS-42569,2024-10-22,4,4,3,4,4,3.8,new_user
TI3-0171,S4,S4-SESS-52488,2024-12-07,3,5,4,5,5,4.4,power_user
TI3-0172,S1,S1-SESS-22038,2024-10-10,3,2,3,2,3,2.6,new_user
TI3-0173,S3,S3-SESS-84600,2024-10-19,3,3,4,5,3,3.6,power_user
TI3-0174,S4,S4-SESS-99504,2024-12-23,5,5,5,5,5,5.0,power_user
TI3-0175,S1,S1-SESS-73990,2024-12-22,3,4,2,3,3,3.0,new_user
TI3-0176,S3,S3-SESS-57641,2024-10-09,3,4,4,4,4,3.8,regular_user
TI3-0177,S4,S4-SESS-59234,2024-10-05,4,5,4,5,4,4.4,power_user
TI3-0178,S1,S1-SESS-11836,2024-12-18,3,2,3,2,1,2.2,new_user
TI3-0179,S3,S3-SESS-74929,2024-12-23,3,4,3,3,4,3.4,power_user
TI3-0180,S4,S4-SESS-13567,2024-11-13,4,4,5,5,5,4.6,new_user
TI3-0181,S1,S1-SESS-79929,2024-10-21,4,3,4,3,4,3.6,regular_user
TI3-0182,S3,S3-SESS-78367,2024-10-07,4,3,4,3,4,3.6,new_user
TI3-0183,S4,S4-SESS-86058,2024-12-17,4,4,5,5,4,4.4,power_user
TI3-0184,S1,S1-SESS-85991,2024-12-29,4,2,4,3,3,3.2,new_user
TI3-0185,S3,S3-SESS-16751,2024-12-25,3,4,4,4,3,3.6,new_user
TI3-0186,S4,S4-SESS-84676,2024-12-25,5,5,3,4,4,4.2,regular_user
TI3-0187,S1,S1-SESS-25167,2024-10-29,3,3,2,4,2,2.8,power_user
TI3-0188,S3,S3-SESS-70749,2024-12-07,5,4,4,4,3,4.0,power_user
TI3-0189,S4,S4-SESS-90813,2024-12-19,4,3,4,4,5,4.0,power_user
TI3-0190,S1,S1-SESS-58223,2024-12-18,3,3,3,2,4,3.0,regular_user
TI3-0191,S3,S3-SESS-25431,2024-11-17,4,3,4,4,5,4.0,new_user
TI3-0192,S4,S4-SESS-50053,2024-12-04,4,5,4,4,5,4.4,new_user
TI3-0193,S1,S1-SESS-62992,2024-11-17,2,3,3,4,3,3.0,new_user
TI3-0194,S3,S3-SESS-10994,2024-10-21,4,5,3,3,4,3.8,regular_user
TI3-0195,S4,S4-SESS-45821,2024-10-04,4,5,5,4,5,4.6,regular_user
TI3-0196,S1,S1-SESS-49141,2024-10-29,2,4,3,3,5,3.4,power_user
TI3-0197,S3,S3-SESS-61926,2024-12-29,4,4,4,3,4,3.8,power_user
TI3-0198,S4,S4-SESS-02491,2024-11-02,5,4,4,3,3,3.8,power_user
TI3-0199,S1,S1-SESS-39473,2024-10-16,3,2,3,2,3,2.6,power_user
TI3-0200,S3,S3-SESS-65514,2024-12-16,4,4,5,4,4,4.2,new_user
TI3-0201,S4,S4-SESS-31532,2024-12-13,5,5,4,5,4,4.6,regular_user
TI3-0202,S1,S1-SESS-68952,2024-12-09,3,3,4,2,3,3.0,new_user
TI3-0203,S3,S3-SESS-48930,2024-11-02,4,3,5,4,4,4.0,new_user
TI3-0204,S4,S4-SESS-82347,2024-10-14,5,5,5,4,5,4.8,new_user
TI3-0205,S1,S1-SESS-89743,2024-11-29,3,2,4,3,3,3.0,new_user
TI3-0206,S3,S3-SESS-59989,2024-10-05,3,3,4,4,5,3.8,regular_user
TI3-0207,S4,S4-SESS-71177,2024-11-30,5,5,5,4,4,4.6,regular_user
TI3-0208,S1,S1-SESS-06266,2024-12-23,3,4,3,2,4,3.2,regular_user
TI3-0209,S3,S3-SESS-44439,2024-10-24,4,5,3,4,2,3.6,regular_user
TI3-0210,S4,S4-SESS-10829,2024-11-24,5,4,4,5,4,4.4,power_user
TI3-0211,S1,S1-SESS-38751,2024-11-09,1,4,3,3,3,2.8,regular_user
TI3-0212,S3,S3-SESS-05552,2024-11-15,4,3,3,4,3,3.4,new_user
TI3-0213,S4,S4-SESS-47620,2024-12-05,5,4,5,4,5,4.6,new_user
TI3-0214,S1,S1-SESS-57433,2024-10-05,3,2,1,3,4,2.6,power_user
TI3-0215,S3,S3-SESS-89007,2024-11-27,5,4,3,4,3,3.8,regular_user
TI3-0216,S4,S4-SESS-52172,2024-11-10,4,4,5,4,4,4.2,new_user
TI3-0217,S1,S1-SESS-15436,2024-11-03,2,5,3,3,1,2.8,regular_user
TI3-0218,S3,S3-SESS-64383,2024-10-26,4,4,3,3,3,3.4,power_user
TI3-0219,S4,S4-SESS-41890,2024-12-25,5,5,5,5,5,5.0,regular_user
TI3-0220,S1,S1-SESS-20645,2024-12-31,3,3,2,3,3,2.8,new_user
TI3-0221,S3,S3-SESS-18203,2024-10-31,5,3,4,3,4,3.8,regular_user
TI3-0222,S4,S4-SESS-72306,2024-10-17,5,5,5,4,5,4.8,new_user
TI3-0223,S1,S1-SESS-53666,2024-12-13,3,3,2,3,2,2.6,power_user
TI3-0224,S3,S3-SESS-67812,2024-11-14,4,4,4,4,4,4.0,power_user
TI3-0225,S4,S4-SESS-07264,2024-10-16,5,4,4,4,5,4.4,new_user
TI3-0226,S1,S1-SESS-45354,2024-12-06,3,3,3,2,4,3.0,regular_user
TI3-0227,S3,S3-SESS-69925,2024-10-12,4,3,3,3,4,3.4,new_user
TI3-0228,S4,S4-SESS-81852,2024-12-17,5,4,4,4,4,4.2,regular_user
TI3-0229,S1,S1-SESS-75599,2024-11-03,3,2,3,3,4,3.0,new_user
TI3-0230,S3,S3-SESS-82204,2024-12-09,4,4,5,4,4,4.2,regular_user
TI3-0231,S4,S4-SESS-90258,2024-10-08,4,4,4,5,4,4.2,power_user
TI3-0232,S1,S1-SESS-40971,2024-12-31,3,2,3,3,4,3.0,regular_user
TI3-0233,S3,S3-SESS-41828,2024-10-31,4,2,4,4,3,3.4,regular_user
TI3-0234,S4,S4-SESS-50352,2024-12-18,5,5,5,5,5,5.0,regular_user
TI3-0235,S1,S1-SESS-20886,2024-12-03,3,4,3,3,2,3.0,new_user
TI3-0236,S3,S3-SESS-51544,2024-12-04,3,2,4,3,4,3.2,regular_user
TI3-0237,S4,S4-SESS-85756,2024-12-26,5,4,4,5,3,4.2,regular_user
TI3-0238,S1,S1-SESS-34665,2024-11-16,3,3,3,3,3,3.0,regular_user
TI3-0239,S3,S3-SESS-66094,2024-11-27,3,4,3,4,3,3.4,new_user
TI3-0240,S4,S4-SESS-12673,2024-11-20,4,4,5,4,4,4.2,regular_user
TI3-0241,S1,S1-SESS-65547,2024-10-06,3,2,4,2,3,2.8,power_user
TI3-0242,S3,S3-SESS-19522,2024-12-17,5,5,4,4,3,4.2,new_user
TI3-0243,S4,S4-SESS-77821,2024-11-13,5,5,4,5,3,4.4,new_user
TI3-0244,S1,S1-SESS-02181,2024-11-17,2,3,2,3,2,2.4,regular_user
TI3-0245,S3,S3-SESS-03493,2024-12-16,3,2,3,3,4,3.0,regular_user
TI3-0246,S4,S4-SESS-29825,2024-10-07,3,4,5,5,4,4.2,new_user
TI3-0247,S1,S1-SESS-31746,2024-10-05,2,3,3,2,2,2.4,new_user
TI3-0248,S3,S3-SESS-19849,2024-11-22,5,4,4,4,4,4.2,new_user
TI3-0249,S4,S4-SESS-92508,2024-10-18,5,5,4,4,5,4.6,new_user
TI3-0250,S1,S1-SESS-41125,2024-10-23,2,3,3,2,2,2.4,regular_user
TI3-0251,S3,S3-SESS-90874,2024-11-03,4,3,3,5,4,3.8,new_user
TI3-0252,S4,S4-SESS-39009,2024-11-06,3,3,5,4,5,4.0,new_user
TI3-0253,S1,S1-SESS-35843,2024-11-06,3,4,3,3,4,3.4,power_user
TI3-0254,S3,S3-SESS-45238,2024-10-19,3,3,3,4,3,3.2,regular_user
TI3-0255,S4,S4-SESS-28048,2024-10-26,5,5,5,5,4,4.8,new_user
TI3-0256,S1,S1-SESS-97111,2024-12-15,2,3,4,3,3,3.0,power_user
TI3-0257,S3,S3-SESS-94026,2024-11-30,4,5,3,4,4,4.0,power_user
TI3-0258,S4,S4-SESS-20702,2024-11-22,5,4,4,5,4,4.4,new_user
TI3-0259,S1,S1-SESS-84660,2024-10-08,4,2,2,3,3,2.8,power_user
TI3-0260,S3,S3-SESS-04889,2024-10-23,4,3,3,4,2,3.2,regular_user
TI3-0261,S4,S4-SESS-98174,2024-11-07,5,4,5,3,4,4.2,power_user
TI3-0262,S1,S1-SESS-37299,2024-11-28,3,4,3,4,4,3.6,new_user
TI3-0263,S3,S3-SESS-14765,2024-11-12,3,4,5,3,3,3.6,power_user
TI3-0264,S4,S4-SESS-44186,2024-11-07,5,4,3,4,4,4.0,new_user
TI3-0265,S1,S1-SESS-42983,2024-10-12,3,2,2,2,2,2.2,regular_user
TI3-0266,S3,S3-SESS-32513,2024-10-01,4,4,3,4,4,3.8,regular_user
TI3-0267,S4,S4-SESS-34283,2024-12-23,4,5,4,5,4,4.4,regular_user
TI3-0268,S1,S1-SESS-53139,2024-12-27,2,3,3,3,3,2.8,new_user
TI3-0269,S3,S3-SESS-48175,2024-12-18,5,3,4,3,3,3.6,power_user
TI3-0270,S4,S4-SESS-79396,2024-11-17,3,5,5,5,5,4.6,regular_user
TI3-0271,S1,S1-SESS-89174,2024-12-16,2,1,3,2,3,2.2,power_user
TI3-0272,S3,S3-SESS-14708,2024-10-08,3,3,4,3,5,3.6,new_user
TI3-0273,S4,S4-SESS-89168,2024-10-27,5,4,4,4,5,4.4,new_user
TI3-0274,S1,S1-SESS-59433,2024-10-17,2,3,3,2,3,2.6,new_user
TI3-0275,S3,S3-SESS-33353,2024-10-01,3,4,3,3,4,3.4,new_user
TI3-0276,S4,S4-SESS-70932,2024-10-08,5,5,5,3,5,4.6,power_user
TI3-0277,S1,S1-SESS-95590,2024-12-22,4,3,3,3,3,3.2,regular_user
TI3-0278,S3,S3-SESS-49480,2024-11-18,5,3,5,2,4,3.8,power_user
TI3-0279,S4,S4-SESS-70420,2024-11-20,4,4,3,4,4,3.8,new_user
TI3-0280,S1,S1-SESS-39108,2024-11-29,3,4,4,3,2,3.2,new_user
TI3-0281,S3,S3-SESS-24705,2024-10-15,4,3,3,4,3,3.4,power_user
TI3-0282,S4,S4-SESS-02051,2024-10-31,5,5,4,5,3,4.4,power_user
TI3-0283,S1,S1-SESS-05799,2024-11-21,4,3,2,3,3,3.0,regular_user
TI3-0284,S3,S3-SESS-66047,2024-11-07,3,4,4,4,4,3.8,power_user
TI3-0285,S4,S4-SESS-39553,2024-10-19,5,3,4,5,4,4.2,new_user
TI3-0286,S1,S1-SESS-77551,2024-10-23,2,2,3,3,4,2.8,new_user
TI3-0287,S3,S3-SESS-68743,2024-11-10,3,3,4,4,3,3.4,new_user
TI3-0288,S4,S4-SESS-62066,2024-10-31,4,4,5,4,5,4.4,power_user
TI3-0289,S1,S1-SESS-73045,2024-12-07,2,4,3,1,1,2.2,power_user
TI3-0290,S3,S3-SESS-58955,2024-11-17,3,3,4,4,4,3.6,power_user
TI3-0291,S4,S4-SESS-09540,2024-10-25,3,4,5,5,4,4.2,new_user
TI3-0292,S1,S1-SESS-43643,2024-11-08,3,3,2,1,3,2.4,power_user
TI3-0293,S3,S3-SESS-91178,2024-12-17,4,4,4,3,4,3.8,new_user
TI3-0294,S4,S4-SESS-49895,2024-11-29,3,5,5,3,4,4.0,new_user
TI3-0295,S1,S1-SESS-94689,2024-11-30,2,2,2,4,2,2.4,regular_user
TI3-0296,S3,S3-SESS-29003,2024-10-19,4,4,3,3,4,3.6,power_user
TI3-0297,S4,S4-SESS-49787,2024-12-12,4,5,4,4,5,4.4,power_user
TI3-0298,S1,S1-SESS-64045,2024-12-22,3,2,3,3,2,2.6,new_user
TI3-0299,S3,S3-SESS-71059,2024-12-22,3,4,4,3,4,3.6,power_user
TI3-0300,S4,S4-SESS-06359,2024-10-01,4,3,4,5,5,4.2,regular_user
TI3-0301,S1,S1-SESS-07924,2024-12-19,3,4,3,3,3,3.2,new_user
TI3-0302,S3,S3-SESS-00867,2024-12-08,5,3,3,3,4,3.6,new_user
TI3-0303,S4,S4-SESS-91470,2024-12-26,4,5,4,4,4,4.2,regular_user
TI3-0304,S1,S1-SESS-19517,2024-10-31,4,3,1,3,3,2.8,power_user
TI3-0305,S3,S3-SESS-60162,2024-12-12,3,3,3,5,5,3.8,power_user
TI3-0306,S4,S4-SESS-85687,2024-12-23,5,5,4,4,3,4.2,power_user
TI3-0307,S1,S1-SESS-65518,2024-11-25,3,3,3,3,3,3.0,new_user
TI3-0308,S3,S3-SESS-69227,2024-10-06,4,4,3,4,4,3.8,power_user
TI3-0309,S4,S4-SESS-36750,2024-12-09,5,5,5,4,5,4.8,new_user
TI3-0310,S1,S1-SESS-27153,2024-12-15,3,3,2,3,3,2.8,power_user
TI3-0311,S3,S3-SESS-51008,2024-12-26,4,3,4,4,4,3.8,new_user
TI3-0312,S4,S4-SESS-94918,2024-10-11,5,4,5,5,5,4.8,new_user
TI3-0313,S1,S1-SESS-80461,2024-12-16,3,2,3,3,4,3.0,regular_user
TI3-0314,S3,S3-SESS-59055,2024-12-02,4,4,4,3,3,3.6,power_user
TI3-0315,S4,S4-SESS-81084,2024-11-07,3,5,3,5,4,4.0,power_user
TI3-0316,S1,S1-SESS-83087,2024-10-20,3,3,3,3,4,3.2,new_user
TI3-0317,S3,S3-SESS-13400,2024-10-17,3,4,5,5,3,4.0,power_user
TI3-0318,S4,S4-SESS-03443,2024-10-12,5,5,5,4,4,4.6,regular_user
TI3-0319,S1,S1-SESS-11102,2024-12-11,2,2,3,1,4,2.4,power_user
TI3-0320,S3,S3-SESS-39470,2024-11-04,4,3,4,3,4,3.6,regular_user
TI3-0321,S4,S4-SESS-32322,2024-12-20,5,5,4,5,5,4.8,regular_user
TI3-0322,S1,S1-SESS-51865,2024-11-12,2,2,3,3,3,2.6,new_user
TI3-0323,S3,S3-SESS-77909,2024-10-18,3,5,3,4,4,3.8,regular_user
TI3-0324,S4,S4-SESS-52199,2024-11-10,4,4,5,5,5,4.6,regular_user
TI3-0325,S1,S1-SESS-51503,2024-11-16,3,2,4,3,3,3.0,power_user
TI3-0326,S3,S3-SESS-72103,2024-10-04,4,4,4,4,4,4.0,new_user
TI3-0327,S4,S4-SESS-53628,2024-12-26,3,5,4,5,4,4.2,regular_user
TI3-0328,S1,S1-SESS-55461,2024-11-18,2,3,3,3,3,2.8,power_user
TI3-0329,S3,S3-SESS-54828,2024-12-09,3,4,3,3,5,3.6,power_user
TI3-0330,S4,S4-SESS-83648,2024-10-11,4,5,4,5,4,4.4,power_user
TI3-0331,S1,S1-SESS-88798,2024-12-22,3,2,2,4,5,3.2,regular_user
TI3-0332,S3,S3-SESS-12925,2024-11-03,4,4,4,4,3,3.8,power_user
TI3-0333,S4,S4-SESS-89071,2024-12-15,4,4,4,4,4,4.0,new_user
TI3-0334,S1,S1-SESS-54523,2024-10-11,3,2,3,3,3,2.8,power_user
TI3-0335,S3,S3-SESS-45653,2024-11-30,4,3,3,4,4,3.6,power_user
TI3-0336,S4,S4-SESS-93164,2024-10-15,4,3,5,4,5,4.2,power_user
TI3-0337,S1,S1-SESS-22866,2024-12-10,3,2,3,2,3,2.6,power_user
TI3-0338,S3,S3-SESS-82544,2024-10-24,4,3,4,3,4,3.6,power_user
TI3-0339,S4,S4-SESS-50966,2024-10-01,4,4,5,5,5,4.6,new_user
TI3-0340,S1,S1-SESS-75675,2024-10-14,4,3,3,2,2,2.8,new_user
TI3-0341,S3,S3-SESS-83770,2024-11-10,4,4,3,4,4,3.8,new_user
TI3-0342,S4,S4-SESS-60013,2024-12-19,4,4,5,5,5,4.6,power_user
TI3-0343,S1,S1-SESS-15449,2024-10-31,3,2,3,4,3,3.0,regular_user
TI3-0344,S3,S3-SESS-78175,2024-10-18,4,4,4,4,4,4.0,new_user
TI3-0345,S4,S4-SESS-72734,2024-10-22,4,5,4,4,3,4.0,regular_user
TI3-0346,S1,S1-SESS-47060,2024-10-02,1,3,3,3,2,2.4,regular_user
TI3-0347,S3,S3-SESS-54478,2024-12-30,5,5,5,4,3,4.4,regular_user
TI3-0348,S4,S4-SESS-38285,2024-10-05,4,4,4,5,5,4.4,regular_user
TI3-0349,S1,S1-SESS-66953,2024-10-15,3,3,3,2,3,2.8,new_user
TI3-0350,S3,S3-SESS-99194,2024-10-06,3,5,5,4,3,4.0,new_user
TI3-0351,S4,S4-SESS-04225,2024-11-27,4,5,3,5,4,4.2,regular_user
TI3-0352,S1,S1-SESS-31057,2024-10-27,2,2,4,1,4,2.6,new_user
TI3-0353,S3,S3-SESS-27083,2024-10-27,3,3,4,3,4,3.4,power_user
TI3-0354,S4,S4-SESS-92282,2024-11-07,5,4,4,4,4,4.2,regular_user
TI3-0355,S1,S1-SESS-98317,2024-11-22,1,2,1,3,3,2.0,power_user
TI3-0356,S3,S3-SESS-32726,2024-10-19,3,5,4,5,5,4.4,new_user
TI3-0357,S4,S4-SESS-82289,2024-11-23,4,5,5,4,5,4.6,regular_user
TI3-0358,S1,S1-SESS-67583,2024-11-05,4,2,3,3,3,3.0,new_user
TI3-0359,S3,S3-SESS-96040,2024-10-12,4,3,4,4,5,4.0,new_user
TI3-0360,S4,S4-SESS-70049,2024-11-20,4,5,4,4,3,4.0,power_user
TI3-0361,S1,S1-SESS-17118,2024-12-12,4,3,2,3,3,3.0,regular_user
TI3-0362,S3,S3-SESS-82075,2024-11-28,5,4,2,4,4,3.8,power_user
TI3-0363,S4,S4-SESS-90256,2024-10-17,5,5,4,4,5,4.6,new_user
TI3-0364,S1,S1-SESS-47243,2024-11-02,3,2,4,3,3,3.0,power_user
TI3-0365,S3,S3-SESS-30690,2024-11-24,3,5,4,4,3,3.8,new_user
TI3-0366,S4,S4-SESS-77815,2024-10-29,5,5,5,5,5,5.0,new_user
TI3-0367,S1,S1-SESS-17325,2024-12-01,3,3,2,2,4,2.8,power_user
TI3-0368,S3,S3-SESS-48178,2024-11-08,4,4,4,4,3,3.8,power_user
TI3-0369,S4,S4-SESS-73832,2024-10-02,4,5,5,4,4,4.4,new_user
TI3-0370,S1,S1-SESS-19841,2024-11-22,3,2,2,3,2,2.4,new_user
TI3-0371,S3,S3-SESS-50336,2024-11-14,3,2,4,4,4,3.4,regular_user
TI3-0372,S4,S4-SESS-72535,2024-12-16,4,4,5,4,5,4.4,new_user
TI3-0373,S1,S1-SESS-26929,2024-12-06,3,2,3,3,4,3.0,new_user
TI3-0374,S3,S3-SESS-31371,2024-12-03,3,3,4,4,4,3.6,regular_user
TI3-0375,S4,S4-SESS-41481,2024-10-17,5,5,4,4,5,4.6,regular_user
TI3-0376,S1,S1-SESS-99973,2024-11-30,3,3,2,2,4,2.8,power_user
TI3-0377,S3,S3-SESS-66403,2024-11-06,4,4,4,4,5,4.2,new_user
TI3-0378,S4,S4-SESS-83957,2024-12-08,5,4,3,4,5,4.2,new_user
TI3-0379,S1,S1-SESS-70306,2024-11-11,2,2,2,4,3,2.6,regular_user
TI3-0380,S3,S3-SESS-40655,2024-12-29,5,3,3,3,3,3.4,regular_user
TI3-0381,S4,S4-SESS-79801,2024-10-08,4,3,5,5,4,4.2,regular_user
TI3-0382,S1,S1-SESS-17985,2024-12-29,3,2,2,3,3,2.6,power_user
TI3-0383,S3,S3-SESS-16638,2024-11-04,5,5,3,4,4,4.2,new_user
TI3-0384,S4,S4-SESS-35650,2024-12-07,4,5,4,5,5,4.6,power_user
TI3-0385,S1,S1-SESS-74303,2024-10-22,3,5,2,2,3,3.0,regular_user
TI3-0386,S3,S3-SESS-15118,2024-10-30,4,4,5,5,3,4.2,new_user
TI3-0387,S4,S4-SESS-19672,2024-10-23,4,4,5,4,4,4.2,power_user
TI3-0388,S1,S1-SESS-42180,2024-11-01,3,1,2,3,2,2.2,regular_user
TI3-0389,S3,S3-SESS-06904,2024-10-23,4,3,4,3,5,3.8,power_user
TI3-0390,S4,S4-SESS-60961,2024-11-06,5,5,3,5,4,4.4,regular_user
TI3-0391,S1,S1-SESS-81621,2024-11-01,2,4,3,3,2,2.8,regular_user
TI3-0392,S3,S3-SESS-96006,2024-12-09,4,2,5,5,4,4.0,power_user
TI3-0393,S4,S4-SESS-01258,2024-11-12,5,5,5,5,4,4.8,power_user
TI3-0394,S1,S1-SESS-26896,2024-12-07,2,3,2,3,2,2.4,power_user
TI3-0395,S3,S3-SESS-30340,2024-12-06,2,5,4,4,4,3.8,regular_user
TI3-0396,S4,S4-SESS-12528,2024-12-04,5,4,4,5,4,4.4,power_user
TI3-0397,S1,S1-SESS-38231,2024-11-03,2,2,3,3,3,2.6,regular_user
TI3-0398,S3,S3-SESS-59344,2024-11-04,3,4,3,4,3,3.4,power_user
TI3-0399,S4,S4-SESS-61087,2024-11-10,5,5,5,4,5,4.8,regular_user
TI3-0400,S1,S1-SESS-60732,2024-11-03,3,3,3,3,2,2.8,power_user
TI3-0401,S3,S3-SESS-42965,2024-10-19,5,4,3,5,3,4.0,power_user
TI3-0402,S4,S4-SESS-39170,2024-11-03,4,4,3,4,5,4.0,power_user
TI3-0403,S1,S1-SESS-18323,2024-10-16,3,3,2,3,3,2.8,power_user
TI3-0404,S3,S3-SESS-52506,2024-11-17,5,5,4,4,4,4.4,new_user
TI3-0405,S4,S4-SESS-08451,2024-10-26,4,4,4,4,5,4.2,new_user
TI3-0406,S1,S1-SESS-43457,2024-10-16,3,2,3,4,2,2.8,power_user
TI3-0407,S3,S3-SESS-50166,2024-12-27,4,4,4,3,4,3.8,regular_user
TI3-0408,S4,S4-SESS-19482,2024-10-05,4,5,5,5,5,4.8,new_user
TI3-0409,S1,S1-SESS-36671,2024-11-19,2,2,3,3,3,2.6,power_user
TI3-0410,S3,S3-SESS-71259,2024-10-03,4,3,4,4,3,3.6,regular_user
TI3-0411,S4,S4-SESS-50906,2024-11-04,5,4,4,4,5,4.4,power_user
TI3-0412,S1,S1-SESS-36823,2024-10-08,2,4,3,4,3,3.2,regular_user
TI3-0413,S3,S3-SESS-34935,2024-12-08,3,4,5,4,5,4.2,new_user
TI3-0414,S4,S4-SESS-50912,2024-11-15,5,5,5,5,5,5.0,power_user
TI3-0415,S1,S1-SESS-91824,2024-11-15,3,4,3,2,3,3.0,new_user
TI3-0416,S3,S3-SESS-64518,2024-12-09,4,3,3,5,5,4.0,regular_user
TI3-0417,S4,S4-SESS-43482,2024-12-18,5,5,5,5,5,5.0,power_user
TI3-0418,S1,S1-SESS-42414,2024-10-08,3,3,2,3,4,3.0,power_user
TI3-0419,S3,S3-SESS-09507,2024-11-17,4,5,4,4,3,4.0,new_user
TI3-0420,S4,S4-SESS-17885,2024-10-21,4,5,4,5,5,4.6,new_user
TI3-0421,S1,S1-SESS-90907,2024-12-18,4,2,4,3,4,3.4,regular_user
TI3-0422,S3,S3-SESS-90243,2024-11-07,5,4,5,4,4,4.4,power_user
TI3-0423,S4,S4-SESS-74382,2024-10-05,4,4,4,4,5,4.2,power_user
TI3-0424,S1,S1-SESS-74128,2024-10-14,2,2,2,3,3,2.4,regular_user
TI3-0425,S3,S3-SESS-11630,2024-12-30,4,5,4,5,4,4.4,new_user
TI3-0426,S4,S4-SESS-32708,2024-12-28,5,4,3,4,5,4.2,power_user
TI3-0427,S1,S1-SESS-21803,2024-11-22,2,4,3,3,2,2.8,regular_user
TI3-0428,S3,S3-SESS-75767,2024-12-23,4,4,3,3,5,3.8,new_user
TI3-0429,S4,S4-SESS-13727,2024-10-10,5,5,5,4,5,4.8,regular_user
TI3-0430,S1,S1-SESS-12204,2024-11-13,3,3,3,3,2,2.8,new_user
TI3-0431,S3,S3-SESS-56912,2024-10-21,5,4,4,3,3,3.8,power_user
TI3-0432,S4,S4-SESS-94639,2024-12-09,4,5,5,5,5,4.8,regular_user
TI3-0433,S1,S1-SESS-07145,2024-11-16,2,2,3,3,2,2.4,power_user
TI3-0434,S3,S3-SESS-26172,2024-10-13,4,3,4,3,3,3.4,power_user
TI3-0435,S4,S4-SESS-61728,2024-12-02,5,5,5,4,5,4.8,new_user
TI3-0436,S1,S1-SESS-49997,2024-11-17,4,3,4,2,3,3.2,power_user
TI3-0437,S3,S3-SESS-98597,2024-12-29,3,4,3,4,4,3.6,new_user
TI3-0438,S4,S4-SESS-99151,2024-12-15,5,5,5,5,4,4.8,power_user
TI3-0439,S1,S1-SESS-62237,2024-12-13,2,2,3,2,1,2.0,power_user
TI3-0440,S3,S3-SESS-65812,2024-12-13,3,3,4,5,3,3.6,new_user
TI3-0441,S4,S4-SESS-21911,2024-10-28,5,3,4,4,4,4.0,power_user
TI3-0442,S1,S1-SESS-82212,2024-10-19,2,3,3,4,3,3.0,new_user
TI3-0443,S3,S3-SESS-42747,2024-11-05,4,5,4,4,3,4.0,new_user
TI3-0444,S4,S4-SESS-68494,2024-11-23,5,3,5,5,3,4.2,power_user
TI3-0445,S1,S1-SESS-73753,2024-10-13,2,3,2,2,4,2.6,regular_user
TI3-0446,S3,S3-SESS-85825,2024-12-02,3,5,3,4,3,3.6,new_user
TI3-0447,S4,S4-SESS-05084,2024-11-20,4,4,4,5,4,4.2,regular_user
TI3-0448,S1,S1-SESS-48817,2024-10-03,2,3,3,2,3,2.6,regular_user
TI3-0449,S3,S3-SESS-29879,2024-10-18,4,3,4,5,4,4.0,regular_user
TI3-0450,S4,S4-SESS-54628,2024-12-17,4,5,4,5,4,4.4,new_user
TI3-0451,S1,S1-SESS-49010,2024-10-08,3,3,3,2,2,2.6,new_user
TI3-0452,S3,S3-SESS-68720,2024-12-12,4,4,4,4,3,3.8,power_user
TI3-0453,S4,S4-SESS-47236,2024-12-30,5,5,5,5,5,5.0,power_user
TI3-0454,S1,S1-SESS-16237,2024-12-27,3,3,4,2,3,3.0,power_user
TI3-0455,S3,S3-SESS-45122,2024-10-21,4,5,2,4,3,3.6,regular_user
TI3-0456,S4,S4-SESS-21353,2024-12-13,5,4,3,4,5,4.2,power_user
TI3-0457,S1,S1-SESS-89418,2024-10-02,3,2,3,2,3,2.6,regular_user
TI3-0458,S3,S3-SESS-33082,2024-12-17,4,5,3,4,4,4.0,regular_user
TI3-0459,S4,S4-SESS-28602,2024-11-29,4,3,4,5,5,4.2,regular_user
TI3-0460,S1,S1-SESS-67046,2024-12-24,2,2,2,3,3,2.4,regular_user
TI3-0461,S3,S3-SESS-36240,2024-12-21,3,3,4,5,3,3.6,regular_user
TI3-0462,S4,S4-SESS-39164,2024-10-25,5,5,4,4,3,4.2,power_user
TI3-0463,S1,S1-SESS-41889,2024-12-27,2,3,4,3,3,3.0,power_user
TI3-0464,S3,S3-SESS-54863,2024-11-21,3,4,3,4,4,3.6,regular_user
TI3-0465,S4,S4-SESS-89958,2024-12-08,4,4,5,4,4,4.2,new_user
TI3-0466,S1,S1-SESS-22281,2024-12-24,4,3,1,2,2,2.4,new_user
TI3-0467,S3,S3-SESS-23996,2024-12-27,4,4,4,4,4,4.0,regular_user
TI3-0468,S4,S4-SESS-55113,2024-11-12,3,4,4,5,5,4.2,regular_user
TI3-0469,S1,S1-SESS-81351,2024-10-10,3,3,3,2,3,2.8,regular_user
TI3-0470,S3,S3-SESS-39107,2024-11-22,3,4,3,4,3,3.4,power_user
TI3-0471,S4,S4-SESS-59975,2024-10-19,5,4,5,4,5,4.6,regular_user
TI3-0472,S1,S1-SESS-23177,2024-11-10,3,3,2,3,3,2.8,new_user
TI3-0473,S3,S3-SESS-11540,2024-10-17,4,4,4,5,3,4.0,new_user
TI3-0474,S4,S4-SESS-00612,2024-10-05,4,4,5,4,5,4.4,new_user
TI3-0475,S1,S1-SESS-88703,2024-10-01,3,3,3,3,3,3.0,new_user
TI3-0476,S3,S3-SESS-13463,2024-11-19,3,4,3,4,3,3.4,new_user
TI3-0477,S4,S4-SESS-78168,2024-12-07,4,4,5,4,4,4.2,regular_user
TI3-0478,S1,S1-SESS-64249,2024-11-15,4,2,3,4,5,3.6,power_user
TI3-0479,S3,S3-SESS-27682,2024-10-03,5,5,4,4,4,4.4,new_user
TI3-0480,S4,S4-SESS-49178,2024-12-21,5,4,4,4,3,4.0,regular_user
TI3-0481,S1,S1-SESS-06323,2024-12-28,3,2,3,3,4,3.0,power_user
TI3-0482,S3,S3-SESS-20071,2024-10-27,5,3,4,3,4,3.8,new_user
TI3-0483,S4,S4-SESS-91846,2024-10-18,4,4,4,5,3,4.0,regular_user
TI3-0484,S1,S1-SESS-14944,2024-10-14,3,3,3,3,2,2.8,regular_user
TI3-0485,S3,S3-SESS-38713,2024-10-21,4,4,4,5,4,4.2,power_user
TI3-0486,S4,S4-SESS-30738,2024-10-01,5,3,4,4,4,4.0,power_user
TI3-0487,S1,S1-SESS-67071,2024-10-10,2,1,3,2,3,2.2,new_user
TI3-0488,S3,S3-SESS-38801,2024-11-03,4,3,2,3,3,3.0,regular_user
TI3-0489,S4,S4-SESS-55837,2024-10-15,5,5,5,3,4,4.4,power_user
TI3-0490,S1,S1-SESS-84830,2024-10-22,4,4,2,3,3,3.2,regular_user
TI3-0491,S3,S3-SESS-23970,2024-10-15,3,4,3,3,5,3.6,regular_user
TI3-0492,S4,S4-SESS-62685,2024-11-23,5,4,5,5,4,4.6,new_user
TI3-0493,S1,S1-SESS-13594,2024-11-23,3,3,4,4,4,3.6,new_user
TI3-0494,S3,S3-SESS-47003,2024-12-18,4,3,4,3,4,3.6,power_user
TI3-0495,S4,S4-SESS-53908,2024-11-26,5,3,4,3,4,3.8,power_user
TI3-0496,S1,S1-SESS-68789,2024-12-13,3,4,3,4,3,3.4,new_user
TI3-0497,S3,S3-SESS-12484,2024-11-25,2,3,3,3,3,2.8,new_user
TI3-0498,S4,S4-SESS-19485,2024-12-11,4,4,4,4,4,4.0,new_user
TI3-0499,S1,S1-SESS-09813,2024-12-02,4,3,4,4,4,3.8,regular_user
TI3-0500,S3,S3-SESS-84321,2024-11-18,3,4,5,4,4,4.0,regular_user
TI3-0501,S4,S4-SESS-41427,2024-10-16,5,4,4,5,5,4.6,regular_user
TI3-0502,S1,S1-SESS-71972,2024-10-01,3,3,3,3,3,3.0,power_user
TI3-0503,S3,S3-SESS-59797,2024-11-13,4,2,3,3,3,3.0,regular_user
TI3-0504,S4,S4-SESS-81233,2024-12-16,4,5,3,5,4,4.2,regular_user
TI3-0505,S1,S1-SESS-46549,2024-12-21,3,2,2,3,3,2.6,regular_user
TI3-0506,S3,S3-SESS-64543,2024-10-18,4,3,4,5,5,4.2,new_user
TI3-0507,S4,S4-SESS-28258,2024-11-28,4,4,4,5,5,4.4,power_user
TI3-0508,S1,S1-SESS-88099,2024-12-15,4,3,2,1,4,2.8,power_user
TI3-0509,S3,S3-SESS-69516,2024-10-07,4,3,3,2,4,3.2,new_user
TI3-0510,S4,S4-SESS-23227,2024-12-28,5,5,4,4,5,4.6,new_user
TI3-0511,S1,S1-SESS-50419,2024-11-23,3,4,4,3,2,3.2,new_user
TI3-0512,S3,S3-SESS-38558,2024-11-27,3,5,3,3,5,3.8,power_user
TI3-0513,S4,S4-SESS-41145,2024-12-31,5,5,5,4,5,4.8,new_user
TI3-0514,S1,S1-SESS-38087,2024-12-27,2,4,2,3,4,3.0,regular_user
TI3-0515,S3,S3-SESS-83477,2024-11-11,4,4,3,2,4,3.4,new_user
TI3-0516,S4,S4-SESS-87446,2024-12-30,5,5,5,4,5,4.8,regular_user
TI3-0517,S1,S1-SESS-13956,2024-10-04,2,1,1,2,3,1.8,regular_user
TI3-0518,S3,S3-SESS-21095,2024-11-06,4,4,5,4,5,4.4,new_user
TI3-0519,S4,S4-SESS-59323,2024-10-14,4,5,4,4,4,4.2,new_user
TI3-0520,S1,S1-SESS-73567,2024-11-19,3,4,2,4,2,3.0,power_user
TI3-0521,S3,S3-SESS-54601,2024-12-27,3,4,3,3,4,3.4,regular_user
TI3-0522,S4,S4-SESS-58074,2024-10-29,5,5,4,4,4,4.4,new_user
TI3-0523,S1,S1-SESS-25363,2024-11-07,3,2,3,2,2,2.4,regular_user
TI3-0524,S3,S3-SESS-67351,2024-10-16,3,4,5,4,4,4.0,regular_user
TI3-0525,S4,S4-SESS-61123,2024-12-30,5,5,4,5,4,4.6,power_user
TI3-0526,S1,S1-SESS-81969,2024-12-18,3,4,3,2,2,2.8,new_user
TI3-0527,S3,S3-SESS-24101,2024-12-06,3,5,3,4,4,3.8,power_user
TI3-0528,S4,S4-SESS-45797,2024-10-29,4,5,4,4,4,4.2,power_user
TI3-0529,S1,S1-SESS-73576,2024-12-23,2,2,2,4,2,2.4,power_user
TI3-0530,S3,S3-SESS-81413,2024-11-01,3,4,4,4,5,4.0,power_user
TI3-0531,S4,S4-SESS-37071,2024-10-04,4,4,5,4,4,4.2,new_user
TI3-0532,S1,S1-SESS-05748,2024-11-07,3,3,2,3,2,2.6,new_user
TI3-0533,S3,S3-SESS-00961,2024-12-20,4,5,4,4,5,4.4,power_user
TI3-0534,S4,S4-SESS-13622,2024-10-27,4,5,5,5,5,4.8,new_user
TI3-0535,S1,S1-SESS-89922,2024-10-20,3,2,3,2,3,2.6,power_user
TI3-0536,S3,S3-SESS-33019,2024-12-11,4,3,4,4,4,3.8,power_user
TI3-0537,S4,S4-SESS-02214,2024-11-19,4,4,4,5,4,4.2,new_user
TI3-0538,S1,S1-SESS-97774,2024-12-14,2,3,3,3,3,2.8,power_user
TI3-0539,S3,S3-SESS-11339,2024-11-06,4,3,4,4,4,3.8,regular_user
TI3-0540,S4,S4-SESS-28819,2024-10-18,4,3,5,5,5,4.4,new_user
TI3-0541,S1,S1-SESS-95595,2024-12-22,2,4,1,2,3,2.4,regular_user
TI3-0542,S3,S3-SESS-05476,2024-10-01,5,4,4,4,3,4.0,new_user
TI3-0543,S4,S4-SESS-45070,2024-10-28,4,4,5,4,4,4.2,regular_user
TI3-0544,S1,S1-SESS-80857,2024-11-02,1,4,2,3,3,2.6,power_user
TI3-0545,S3,S3-SESS-71940,2024-11-29,5,4,4,4,4,4.2,new_user
TI3-0546,S4,S4-SESS-95105,2024-12-14,2,4,4,5,5,4.0,regular_user
TI3-0547,S1,S1-SESS-25363,2024-11-10,3,3,3,2,3,2.8,regular_user
TI3-0548,S3,S3-SESS-74129,2024-12-12,4,3,4,3,5,3.8,regular_user
TI3-0549,S4,S4-SESS-83996,2024-11-25,5,3,5,5,5,4.6,regular_user
TI3-0550,S1,S1-SESS-60667,2024-11-27,2,3,2,3,1,2.2,regular_user
TI3-0551,S3,S3-SESS-18351,2024-12-08,4,3,5,4,4,4.0,power_user
TI3-0552,S4,S4-SESS-02442,2024-12-04,5,4,5,5,5,4.8,new_user
TI3-0553,S1,S1-SESS-71234,2024-12-09,4,3,2,3,4,3.2,regular_user
TI3-0554,S3,S3-SESS-77281,2024-11-07,3,4,3,3,5,3.6,power_user
TI3-0555,S4,S4-SESS-80483,2024-12-27,4,5,4,5,4,4.4,power_user
TI3-0556,S1,S1-SESS-74163,2024-12-24,2,3,2,3,4,2.8,power_user
TI3-0557,S3,S3-SESS-48423,2024-10-30,4,3,3,4,3,3.4,power_user
TI3-0558,S4,S4-SESS-59592,2024-10-06,4,4,4,5,4,4.2,power_user
TI3-0559,S1,S1-SESS-34514,2024-12-14,3,3,3,2,3,2.8,new_user
TI3-0560,S3,S3-SESS-10203,2024-12-06,3,3,3,3,4,3.2,regular_user
TI3-0561,S4,S4-SESS-63192,2024-12-17,3,5,4,4,5,4.2,power_user
TI3-0562,S1,S1-SESS-84342,2024-11-05,2,2,3,3,3,2.6,power_user
TI3-0563,S3,S3-SESS-43284,2024-10-15,4,4,3,3,3,3.4,regular_user
TI3-0564,S4,S4-SESS-53858,2024-10-03,4,4,4,4,4,4.0,power_user
TI3-0565,S1,S1-SESS-07329,2024-10-22,4,3,3,4,4,3.6,regular_user
TI3-0566,S3,S3-SESS-83575,2024-10-03,4,4,3,2,5,3.6,new_user
TI3-0567,S4,S4-SESS-63134,2024-10-22,4,3,5,4,4,4.0,power_user
TI3-0568,S1,S1-SESS-23840,2024-12-19,2,3,2,3,2,2.4,new_user
TI3-0569,S3,S3-SESS-49573,2024-11-19,3,4,3,2,4,3.2,power_user
TI3-0570,S4,S4-SESS-55024,2024-10-20,4,5,5,5,4,4.6,new_user
TI3-0571,S1,S1-SESS-15404,2024-10-12,3,3,3,3,3,3.0,regular_user
TI3-0572,S3,S3-SESS-88941,2024-12-23,3,3,2,4,4,3.2,regular_user
TI3-0573,S4,S4-SESS-49970,2024-11-14,4,4,5,5,5,4.6,new_user
TI3-0574,S1,S1-SESS-55770,2024-10-18,4,3,1,3,2,2.6,regular_user
TI3-0575,S3,S3-SESS-24776,2024-10-01,3,4,4,3,4,3.6,new_user
TI3-0576,S4,S4-SESS-49156,2024-12-23,4,4,4,4,4,4.0,power_user
TI3-0577,S1,S1-SESS-70269,2024-11-24,3,2,3,3,2,2.6,new_user
TI3-0578,S3,S3-SESS-54163,2024-12-10,3,3,4,3,3,3.2,new_user
TI3-0579,S4,S4-SESS-92471,2024-11-20,4,5,4,4,4,4.2,new_user
TI3-0580,S1,S1-SESS-91661,2024-10-21,3,4,4,3,3,3.4,power_user
TI3-0581,S3,S3-SESS-21069,2024-11-19,4,4,3,5,3,3.8,new_user
TI3-0582,S4,S4-SESS-57066,2024-10-12,3,5,4,5,5,4.4,power_user
TI3-0583,S1,S1-SESS-86007,2024-12-06,3,3,2,2,3,2.6,regular_user
TI3-0584,S3,S3-SESS-83925,2024-12-03,3,4,3,5,3,3.6,regular_user
TI3-0585,S4,S4-SESS-66919,2024-12-06,5,5,5,4,5,4.8,new_user
TI3-0586,S1,S1-SESS-00038,2024-10-21,4,3,3,3,3,3.2,power_user
TI3-0587,S3,S3-SESS-96591,2024-12-30,5,4,3,4,3,3.8,power_user
TI3-0588,S4,S4-SESS-76407,2024-11-14,4,5,4,4,4,4.2,regular_user
TI3-0589,S1,S1-SESS-34224,2024-10-23,3,3,2,3,4,3.0,regular_user
TI3-0590,S3,S3-SESS-15337,2024-12-05,3,3,4,3,4,3.4,regular_user
TI3-0591,S4,S4-SESS-31887,2024-11-13,5,4,3,4,5,4.2,regular_user
TI3-0592,S1,S1-SESS-33793,2024-10-09,3,2,1,3,2,2.2,regular_user
TI3-0593,S3,S3-SESS-67700,2024-12-08,2,2,4,3,3,2.8,power_user
TI3-0594,S4,S4-SESS-98146,2024-11-13,5,4,4,4,5,4.4,power_user
TI3-0595,S1,S1-SESS-97801,2024-12-27,2,3,3,3,2,2.6,power_user
TI3-0596,S3,S3-SESS-27103,2024-10-30,4,3,4,4,2,3.4,power_user
TI3-0597,S4,S4-SESS-86957,2024-12-03,5,3,4,5,5,4.4,new_user
TI3-0598,S1,S1-SESS-48654,2024-12-19,3,4,3,4,2,3.2,regular_user
TI3-0599,S3,S3-SESS-66996,2024-11-05,2,4,5,3,2,3.2,regular_user
TI3-0600,S4,S4-SESS-62695,2024-12-09,5,5,5,5,5,5.0,power_user
TI3-0601,S1,S1-SESS-60303,2024-11-10,2,3,3,2,4,2.8,new_user
TI3-0602,S3,S3-SESS-47396,2024-12-18,4,5,4,4,4,4.2,regular_user
TI3-0603,S4,S4-SESS-55568,2024-10-27,5,5,4,5,4,4.6,regular_user
TI3-0604,S1,S1-SESS-23579,2024-12-13,3,3,2,3,2,2.6,power_user
TI3-0605,S3,S3-SESS-49924,2024-10-26,5,4,4,3,4,4.0,power_user
TI3-0606,S4,S4-SESS-55250,2024-12-03,4,5,3,4,4,4.0,power_user
TI3-0607,S1,S1-SESS-73681,2024-12-12,4,3,2,3,3,3.0,power_user
TI3-0608,S3,S3-SESS-62461,2024-12-20,3,3,4,5,4,3.8,power_user
TI3-0609,S4,S4-SESS-02600,2024-11-22,4,5,4,5,5,4.6,power_user
TI3-0610,S1,S1-SESS-85180,2024-12-23,3,2,4,2,2,2.6,new_user
TI3-0611,S3,S3-SESS-10278,2024-11-18,4,5,3,5,3,4.0,new_user
TI3-0612,S4,S4-SESS-44223,2024-11-23,5,4,5,5,5,4.8,new_user
TI3-0613,S1,S1-SESS-85592,2024-11-07,2,2,3,3,2,2.4,new_user
TI3-0614,S3,S3-SESS-47601,2024-12-15,4,4,5,4,5,4.4,new_user
TI3-0615,S4,S4-SESS-97502,2024-12-29,5,4,5,5,4,4.6,new_user
TI3-0616,S1,S1-SESS-62022,2024-12-10,2,3,3,3,3,2.8,power_user
TI3-0617,S3,S3-SESS-85831,2024-11-19,4,4,4,3,4,3.8,regular_user
TI3-0618,S4,S4-SESS-69042,2024-10-22,5,5,5,4,5,4.8,power_user
TI3-0619,S1,S1-SESS-35706,2024-12-10,3,3,4,2,1,2.6,regular_user
TI3-0620,S3,S3-SESS-59841,2024-12-20,4,5,5,3,4,4.2,new_user
TI3-0621,S4,S4-SESS-70736,2024-10-30,4,4,3,4,4,3.8,power_user
TI3-0622,S1,S1-SESS-00013,2024-12-06,3,2,3,3,3,2.8,power_user
TI3-0623,S3,S3-SESS-01198,2024-11-25,3,4,5,4,5,4.2,regular_user
TI3-0624,S4,S4-SESS-73473,2024-11-25,4,3,4,4,4,3.8,regular_user
TI3-0625,S1,S1-SESS-81963,2024-10-31,3,4,2,2,3,2.8,new_user
TI3-0626,S3,S3-SESS-37314,2024-12-23,4,4,2,4,3,3.4,new_user
TI3-0627,S4,S4-SESS-59683,2024-12-19,4,4,5,5,5,4.6,regular_user
TI3-0628,S1,S1-SESS-06506,2024-12-08,3,3,4,3,3,3.2,power_user
TI3-0629,S3,S3-SESS-19751,2024-10-02,4,4,4,5,4,4.2,regular_user
TI3-0630,S4,S4-SESS-48680,2024-11-29,4,5,5,5,4,4.6,new_user
TI3-0631,S1,S1-SESS-09357,2024-12-09,3,2,4,1,4,2.8,regular_user
TI3-0632,S3,S3-SESS-01654,2024-10-16,4,4,5,4,4,4.2,new_user
TI3-0633,S4,S4-SESS-12316,2024-12-06,4,5,3,5,5,4.4,new_user
TI3-0634,S1,S1-SESS-42345,2024-10-21,3,4,3,3,2,3.0,new_user
TI3-0635,S3,S3-SESS-47242,2024-10-07,4,3,3,4,3,3.4,new_user
TI3-0636,S4,S4-SESS-21937,2024-11-05,5,5,5,4,4,4.6,new_user
TI3-0637,S1,S1-SESS-78147,2024-10-20,4,4,3,3,3,3.4,regular_user
TI3-0638,S3,S3-SESS-44358,2024-12-20,3,4,3,3,4,3.4,power_user
TI3-0639,S4,S4-SESS-73185,2024-12-22,5,5,4,3,5,4.4,regular_user
TI3-0640,S1,S1-SESS-46946,2024-10-18,3,3,2,3,4,3.0,regular_user
TI3-0641,S3,S3-SESS-24462,2024-12-09,4,3,3,4,4,3.6,regular_user
TI3-0642,S4,S4-SESS-72683,2024-10-21,4,4,5,5,4,4.4,power_user
TI3-0643,S1,S1-SESS-66317,2024-11-18,2,3,3,2,2,2.4,new_user
TI3-0644,S3,S3-SESS-31299,2024-11-11,4,4,4,5,3,4.0,new_user
TI3-0645,S4,S4-SESS-20203,2024-12-18,5,5,5,4,4,4.6,regular_user
TI3-0646,S1,S1-SESS-08740,2024-10-06,2,2,4,3,3,2.8,power_user
TI3-0647,S3,S3-SESS-50935,2024-12-24,4,4,4,4,5,4.2,regular_user
TI3-0648,S4,S4-SESS-79424,2024-12-31,5,3,4,4,5,4.2,power_user
TI3-0649,S1,S1-SESS-83745,2024-10-08,4,3,2,1,3,2.6,regular_user
TI3-0650,S3,S3-SESS-92856,2024-10-08,3,2,3,3,4,3.0,new_user
TI3-0651,S4,S4-SESS-12730,2024-10-13,4,5,5,5,5,4.8,new_user
TI3-0652,S1,S1-SESS-74715,2024-12-20,2,3,3,3,4,3.0,power_user
TI3-0653,S3,S3-SESS-92085,2024-12-25,3,3,4,3,3,3.2,regular_user
TI3-0654,S4,S4-SESS-44239,2024-12-24,4,5,4,5,5,4.6,power_user
TI3-0655,S1,S1-SESS-48723,2024-11-22,2,3,4,2,1,2.4,new_user
TI3-0656,S3,S3-SESS-28040,2024-11-18,3,3,4,3,3,3.2,new_user
TI3-0657,S4,S4-SESS-37288,2024-12-16,5,4,5,4,4,4.4,power_user
TI3-0658,S1,S1-SESS-29084,2024-10-28,3,1,3,3,3,2.6,regular_user
TI3-0659,S3,S3-SESS-74923,2024-10-20,5,4,4,3,3,3.8,power_user
TI3-0660,S4,S4-SESS-76305,2024-11-01,4,5,5,5,5,4.8,power_user
TI3-0661,S1,S1-SESS-42559,2024-12-01,3,3,2,2,3,2.6,power_user
TI3-0662,S3,S3-SESS-12500,2024-12-16,4,2,4,3,3,3.2,new_user
TI3-0663,S4,S4-SESS-45604,2024-11-25,4,5,4,4,5,4.4,regular_user
TI3-0664,S1,S1-SESS-78945,2024-10-02,3,3,3,3,2,2.8,new_user
TI3-0665,S3,S3-SESS-65851,2024-12-29,4,3,4,4,3,3.6,power_user
TI3-0666,S4,S4-SESS-98677,2024-12-16,4,5,5,5,4,4.6,new_user
TI3-0667,S1,S1-SESS-74900,2024-10-07,2,3,3,3,3,2.8,new_user
TI3-0668,S3,S3-SESS-17089,2024-10-18,4,4,4,3,4,3.8,regular_user
TI3-0669,S4,S4-SESS-32276,2024-11-01,4,4,4,4,4,4.0,power_user
TI3-0670,S1,S1-SESS-14750,2024-12-25,2,3,4,2,2,2.6,regular_user
TI3-0671,S3,S3-SESS-45839,2024-12-18,3,4,3,5,4,3.8,regular_user
TI3-0672,S4,S4-SESS-89832,2024-11-17,5,4,4,5,4,4.4,power_user
TI3-0673,S1,S1-SESS-37708,2024-10-02,3,1,3,3,4,2.8,regular_user
TI3-0674,S3,S3-SESS-27396,2024-12-08,3,4,3,4,4,3.6,power_user
TI3-0675,S4,S4-SESS-91588,2024-12-25,5,5,4,5,4,4.6,power_user
TI3-0676,S1,S1-SESS-07879,2024-11-06,2,2,4,2,3,2.6,power_user
TI3-0677,S3,S3-SESS-35562,2024-12-24,4,3,5,4,4,4.0,new_user
TI3-0678,S4,S4-SESS-50663,2024-10-30,4,4,5,4,5,4.4,regular_user
TI3-0679,S1,S1-SESS-26067,2024-12-04,2,3,3,2,3,2.6,regular_user
TI3-0680,S3,S3-SESS-39968,2024-11-12,4,3,3,5,4,3.8,regular_user
TI3-0681,S4,S4-SESS-65701,2024-11-05,4,5,4,5,4,4.4,power_user
TI3-0682,S1,S1-SESS-03863,2024-12-11,2,2,2,4,2,2.4,regular_user
TI3-0683,S3,S3-SESS-88867,2024-12-18,4,4,3,4,4,3.8,new_user
TI3-0684,S4,S4-SESS-40945,2024-12-17,4,4,4,4,4,4.0,regular_user
TI3-0685,S1,S1-SESS-18103,2024-11-09,2,3,2,2,3,2.4,new_user
TI3-0686,S3,S3-SESS-19026,2024-12-23,3,4,3,5,5,4.0,new_user
TI3-0687,S4,S4-SESS-19074,2024-10-04,5,4,3,4,5,4.2,regular_user
TI3-0688,S1,S1-SESS-83473,2024-11-05,3,3,2,2,3,2.6,power_user
TI3-0689,S3,S3-SESS-74324,2024-12-18,4,3,4,5,3,3.8,power_user
TI3-0690,S4,S4-SESS-62470,2024-10-18,4,4,4,5,4,4.2,new_user
TI3-0691,S1,S1-SESS-21468,2024-10-25,3,2,3,2,2,2.4,power_user
TI3-0692,S3,S3-SESS-54139,2024-10-29,4,5,4,4,4,4.2,new_user
TI3-0693,S4,S4-SESS-80880,2024-12-02,4,4,5,5,5,4.6,new_user
TI3-0694,S1,S1-SESS-05483,2024-12-17,3,2,3,3,4,3.0,new_user
TI3-0695,S3,S3-SESS-84069,2024-12-30,4,3,2,5,3,3.4,power_user
TI3-0696,S4,S4-SESS-32208,2024-12-06,4,4,4,5,4,4.2,new_user
TI3-0697,S1,S1-SESS-38166,2024-11-26,2,3,2,3,3,2.6,regular_user
TI3-0698,S3,S3-SESS-38591,2024-12-18,4,5,3,4,4,4.0,power_user
TI3-0699,S4,S4-SESS-23563,2024-12-14,4,3,3,5,5,4.0,new_user
TI3-0700,S1,S1-SESS-59465,2024-12-15,3,2,3,3,3,2.8,new_user
TI3-0701,S3,S3-SESS-21496,2024-12-31,5,3,4,4,3,3.8,new_user
TI3-0702,S4,S4-SESS-68658,2024-12-30,4,5,5,4,5,4.6,regular_user
TI3-0703,S1,S1-SESS-22399,2024-11-12,3,1,2,3,3,2.4,new_user
TI3-0704,S3,S3-SESS-93330,2024-10-07,4,5,3,4,4,4.0,regular_user
TI3-0705,S4,S4-SESS-26589,2024-10-01,4,5,5,4,5,4.6,new_user
TI3-0706,S1,S1-SESS-00754,2024-12-17,4,3,3,2,3,3.0,regular_user
TI3-0707,S3,S3-SESS-32076,2024-12-10,4,5,3,4,5,4.2,regular_user
TI3-0708,S4,S4-SESS-19433,2024-10-08,5,4,4,5,4,4.4,new_user
TI3-0709,S1,S1-SESS-11496,2024-10-07,3,3,4,3,2,3.0,power_user
TI3-0710,S3,S3-SESS-90639,2024-12-29,3,3,4,3,3,3.2,new_user
TI3-0711,S4,S4-SESS-39230,2024-11-11,4,4,5,4,4,4.2,regular_user
TI3-0712,S1,S1-SESS-08510,2024-11-07,3,4,2,3,1,2.6,regular_user
TI3-0713,S3,S3-SESS-80224,2024-10-08,4,5,4,5,3,4.2,power_user
TI3-0714,S4,S4-SESS-94906,2024-12-28,4,3,4,4,4,3.8,new_user
TI3-0715,S1,S1-SESS-81690,2024-11-15,5,2,3,4,2,3.2,power_user
TI3-0716,S3,S3-SESS-23581,2024-12-18,5,3,3,4,3,3.6,power_user
TI3-0717,S4,S4-SESS-27176,2024-12-18,4,3,5,4,4,4.0,regular_user
TI3-0718,S1,S1-SESS-01481,2024-12-21,3,2,3,2,2,2.4,power_user
TI3-0719,S3,S3-SESS-14921,2024-12-27,4,3,4,4,3,3.6,regular_user
TI3-0720,S4,S4-SESS-23021,2024-10-25,4,4,5,4,4,4.2,regular_user
TI3-0721,S1,S1-SESS-20367,2024-12-20,4,1,2,3,3,2.6,regular_user
TI3-0722,S3,S3-SESS-54258,2024-10-08,4,4,3,3,5,3.8,new_user
TI3-0723,S4,S4-SESS-46347,2024-10-09,4,5,4,5,5,4.6,power_user
TI3-0724,S1,S1-SESS-21754,2024-12-13,4,3,3,4,3,3.4,new_user
TI3-0725,S3,S3-SESS-04146,2024-11-04,3,4,5,3,4,3.8,regular_user
TI3-0726,S4,S4-SESS-39667,2024-10-28,4,5,5,4,5,4.6,new_user
TI3-0727,S1,S1-SESS-03269,2024-12-01,3,3,3,2,3,2.8,new_user
TI3-0728,S3,S3-SESS-40680,2024-11-11,3,4,4,2,4,3.4,power_user
TI3-0729,S4,S4-SESS-04792,2024-11-28,4,4,5,4,5,4.4,regular_user
TI3-0730,S1,S1-SESS-90054,2024-12-16,3,3,2,4,3,3.0,power_user
TI3-0731,S3,S3-SESS-99418,2024-11-09,3,5,5,4,4,4.2,new_user
TI3-0732,S4,S4-SESS-41832,2024-11-26,4,5,4,5,5,4.6,new_user
TI3-0733,S1,S1-SESS-27077,2024-12-09,3,3,3,3,2,2.8,regular_user
TI3-0734,S3,S3-SESS-75247,2024-11-01,3,3,4,5,3,3.6,power_user
TI3-0735,S4,S4-SESS-88539,2024-10-07,5,5,4,5,5,4.8,power_user
TI3-0736,S1,S1-SESS-77694,2024-12-20,3,3,3,2,3,2.8,new_user
TI3-0737,S3,S3-SESS-69925,2024-10-11,3,3,3,5,4,3.6,regular_user
TI3-0738,S4,S4-SESS-12749,2024-11-28,3,4,4,5,3,3.8,regular_user
TI3-0739,S1,S1-SESS-80864,2024-11-03,2,2,2,3,3,2.4,regular_user
TI3-0740,S3,S3-SESS-42568,2024-11-28,5,3,4,3,3,3.6,regular_user
TI3-0741,S4,S4-SESS-79226,2024-12-13,5,5,4,5,5,4.8,power_user
TI3-0742,S1,S1-SESS-72896,2024-12-23,4,2,3,3,2,2.8,power_user
TI3-0743,S3,S3-SESS-63226,2024-11-19,4,3,3,4,3,3.4,power_user
TI3-0744,S4,S4-SESS-57063,2024-12-12,4,4,5,3,4,4.0,regular_user
TI3-0745,S1,S1-SESS-63784,2024-10-15,2,3,3,3,4,3.0,new_user
TI3-0746,S3,S3-SESS-40375,2024-11-21,3,3,3,4,4,3.4,power_user
TI3-0747,S4,S4-SESS-08059,2024-10-12,4,4,3,4,4,3.8,power_user
TI3-0748,S1,S1-SESS-00025,2024-10-19,4,3,1,4,2,2.8,new_user
TI3-0749,S3,S3-SESS-41498,2024-11-08,4,4,3,4,4,3.8,new_user
TI3-0750,S4,S4-SESS-94083,2024-11-14,5,5,3,5,4,4.4,power_user
TI3-0751,S1,S1-SESS-71944,2024-10-07,2,2,1,3,3,2.2,power_user
TI3-0752,S3,S3-SESS-04088,2024-10-31,4,3,3,3,5,3.6,regular_user
TI3-0753,S4,S4-SESS-86834,2024-10-23,4,4,4,5,4,4.2,regular_user
TI3-0754,S1,S1-SESS-54688,2024-10-20,3,3,3,3,2,2.8,regular_user
TI3-0755,S3,S3-SESS-63793,2024-12-24,5,4,4,4,5,4.4,regular_user
TI3-0756,S4,S4-SESS-59773,2024-12-29,5,5,4,5,5,4.8,new_user
TI3-0757,S1,S1-SESS-29589,2024-10-24,4,2,2,3,3,2.8,regular_user
TI3-0758,S3,S3-SESS-65763,2024-11-04,3,3,3,4,3,3.2,regular_user
TI3-0759,S4,S4-SESS-76057,2024-12-01,5,4,5,4,4,4.4,new_user
TI3-0760,S1,S1-SESS-98381,2024-11-05,3,4,3,1,3,2.8,regular_user
TI3-0761,S3,S3-SESS-87651,2024-10-10,3,4,3,3,3,3.2,new_user
TI3-0762,S4,S4-SESS-45030,2024-12-08,4,4,4,4,5,4.2,power_user
TI3-0763,S1,S1-SESS-38617,2024-11-07,2,3,2,3,1,2.2,power_user
TI3-0764,S3,S3-SESS-73887,2024-11-03,5,5,4,4,3,4.2,power_user
TI3-0765,S4,S4-SESS-03579,2024-11-06,4,4,4,4,4,4.0,regular_user
TI3-0766,S1,S1-SESS-17373,2024-12-18,4,4,3,3,2,3.2,regular_user
TI3-0767,S3,S3-SESS-86397,2024-11-27,4,4,4,3,5,4.0,regular_user
TI3-0768,S4,S4-SESS-69126,2024-10-05,4,5,4,4,4,4.2,regular_user
TI3-0769,S1,S1-SESS-54126,2024-11-19,5,3,2,2,3,3.0,power_user
TI3-0770,S3,S3-SESS-45230,2024-10-07,3,3,3,4,5,3.6,new_user
TI3-0771,S4,S4-SESS-98623,2024-12-08,4,5,5,5,4,4.6,power_user
TI3-0772,S1,S1-SESS-56982,2024-10-02,3,2,4,2,3,2.8,regular_user
TI3-0773,S3,S3-SESS-69638,2024-12-21,4,3,3,2,4,3.2,regular_user
TI3-0774,S4,S4-SESS-43905,2024-11-04,4,5,4,5,4,4.4,regular_user
TI3-0775,S1,S1-SESS-88066,2024-12-15,3,2,2,2,3,2.4,power_user
TI3-0776,S3,S3-SESS-01387,2024-12-26,3,3,4,4,4,3.6,power_user
TI3-0777,S4,S4-SESS-37133,2024-11-02,5,4,5,5,4,4.6,power_user
TI3-0778,S1,S1-SESS-28420,2024-12-16,3,4,3,4,3,3.4,new_user
TI3-0779,S3,S3-SESS-84923,2024-12-12,5,5,5,4,3,4.4,power_user
TI3-0780,S4,S4-SESS-09925,2024-12-21,5,5,4,4,5,4.6,regular_user
TI3-0781,S1,S1-SESS-21230,2024-10-10,3,3,1,3,3,2.6,regular_user
TI3-0782,S3,S3-SESS-34691,2024-10-23,3,4,3,4,4,3.6,regular_user
TI3-0783,S4,S4-SESS-70862,2024-11-25,5,5,5,5,4,4.8,power_user
TI3-0784,S1,S1-SESS-04570,2024-10-10,3,3,3,2,3,2.8,power_user
TI3-0785,S3,S3-SESS-04960,2024-12-25,3,4,2,4,4,3.4,regular_user
TI3-0786,S4,S4-SESS-67553,2024-12-30,5,4,5,5,4,4.6,regular_user
TI3-0787,S1,S1-SESS-50388,2024-12-28,2,3,3,2,3,2.6,regular_user
TI3-0788,S3,S3-SESS-39693,2024-11-21,4,4,4,4,4,4.0,power_user
TI3-0789,S4,S4-SESS-60246,2024-11-07,3,3,5,5,5,4.2,new_user
TI3-0790,S1,S1-SESS-39174,2024-12-29,3,3,4,4,3,3.4,regular_user
TI3-0791,S3,S3-SESS-18343,2024-10-05,5,3,4,4,3,3.8,power_user
TI3-0792,S4,S4-SESS-70852,2024-12-22,4,5,5,5,5,4.8,regular_user
TI3-0793,S1,S1-SESS-44266,2024-10-06,1,3,3,1,3,2.2,regular_user
TI3-0794,S3,S3-SESS-88878,2024-12-08,4,5,5,3,3,4.0,power_user
TI3-0795,S4,S4-SESS-81052,2024-10-06,4,4,5,5,4,4.4,power_user
TI3-0796,S1,S1-SESS-40284,2024-10-13,3,3,2,3,3,2.8,regular_user
TI3-0797,S3,S3-SESS-80692,2024-10-29,3,3,5,4,4,3.8,power_user
TI3-0798,S4,S4-SESS-88919,2024-11-21,5,5,4,5,3,4.4,regular_user
TI3-0799,S1,S1-SESS-05976,2024-12-15,4,4,2,3,3,3.2,power_user
TI3-0800,S3,S3-SESS-91265,2024-11-17,4,4,4,4,4,4.0,new_user
TI3-0801,S4,S4-SESS-49301,2024-10-21,5,5,4,4,5,4.6,power_user
TI3-0802,S1,S1-SESS-92634,2024-12-23,2,3,3,4,3,3.0,new_user
TI3-0803,S3,S3-SESS-83864,2024-11-04,4,3,4,3,4,3.6,new_user
TI3-0804,S4,S4-SESS-78155,2024-10-24,4,4,5,5,5,4.6,new_user
TI3-0805,S1,S1-SESS-30886,2024-10-25,1,3,2,2,3,2.2,power_user
TI3-0806,S3,S3-SESS-70743,2024-12-04,4,5,4,3,3,3.8,power_user
TI3-0807,S4,S4-SESS-62183,2024-12-03,3,5,5,5,5,4.6,power_user
TI3-0808,S1,S1-SESS-27472,2024-11-25,3,4,4,3,3,3.4,regular_user
TI3-0809,S3,S3-SESS-23054,2024-10-21,3,5,4,4,4,4.0,power_user
TI3-0810,S4,S4-SESS-77688,2024-12-14,3,4,4,5,4,4.0,regular_user
TI3-0811,S1,S1-SESS-31080,2024-11-22,2,3,3,2,3,2.6,power_user
TI3-0812,S3,S3-SESS-57130,2024-10-19,4,3,4,3,4,3.6,power_user
TI3-0813,S4,S4-SESS-35350,2024-10-26,5,4,4,5,4,4.4,regular_user
TI3-0814,S1,S1-SESS-61019,2024-11-28,2,4,4,3,3,3.2,regular_user
TI3-0815,S3,S3-SESS-80155,2024-10-22,4,4,4,3,4,3.8,new_user
TI3-0816,S4,S4-SESS-64123,2024-10-28,3,5,4,5,5,4.4,new_user
TI3-0817,S1,S1-SESS-56918,2024-12-14,2,3,4,3,3,3.0,power_user
TI3-0818,S3,S3-SESS-00666,2024-11-23,3,4,3,4,4,3.6,power_user
TI3-0819,S4,S4-SESS-91312,2024-10-13,5,5,4,4,4,4.4,regular_user
TI3-0820,S1,S1-SESS-53297,2024-10-28,3,3,3,3,2,2.8,power_user
TI3-0821,S3,S3-SESS-60200,2024-12-13,3,4,4,4,4,3.8,new_user
TI3-0822,S4,S4-SESS-92162,2024-11-21,4,3,3,4,5,3.8,power_user
TI3-0823,S1,S1-SESS-90539,2024-11-12,3,2,2,3,3,2.6,new_user
TI3-0824,S3,S3-SESS-71099,2024-12-13,4,4,4,4,5,4.2,power_user
TI3-0825,S4,S4-SESS-88429,2024-11-16,5,4,5,4,5,4.6,power_user
TI3-0826,S1,S1-SESS-22973,2024-12-22,3,3,3,2,2,2.6,new_user
TI3-0827,S3,S3-SESS-85071,2024-12-01,3,3,4,3,3,3.2,new_user
TI3-0828,S4,S4-SESS-97651,2024-10-29,5,5,4,5,4,4.6,regular_user
TI3-0829,S1,S1-SESS-63731,2024-12-04,2,3,3,2,3,2.6,new_user
TI3-0830,S3,S3-SESS-38308,2024-11-27,4,4,3,2,3,3.2,new_user
TI3-0831,S4,S4-SESS-60015,2024-10-12,4,5,4,3,5,4.2,power_user
TI3-0832,S1,S1-SESS-21597,2024-11-05,2,2,3,3,3,2.6,power_user
TI3-0833,S3,S3-SESS-89444,2024-12-09,3,3,4,3,3,3.2,power_user
TI3-0834,S4,S4-SESS-24781,2024-10-09,4,4,5,4,4,4.2,power_user
TI3-0835,S1,S1-SESS-84680,2024-11-11,3,2,4,2,2,2.6,regular_user
TI3-0836,S3,S3-SESS-39857,2024-12-12,4,3,3,4,3,3.4,power_user
TI3-0837,S4,S4-SESS-06203,2024-10-19,5,4,5,4,4,4.4,regular_user
TI3-0838,S1,S1-SESS-70166,2024-11-06,3,2,5,2,3,3.0,power_user
TI3-0839,S3,S3-SESS-05394,2024-11-10,5,4,3,3,4,3.8,new_user
TI3-0840,S4,S4-SESS-04547,2024-12-25,5,5,5,5,5,5.0,regular_user
TI3-0841,S1,S1-SESS-03267,2024-11-21,3,3,1,3,2,2.4,regular_user
TI3-0842,S3,S3-SESS-96797,2024-12-09,4,4,2,4,4,3.6,new_user
TI3-0843,S4,S4-SESS-75200,2024-12-25,4,5,4,5,5,4.6,power_user
TI3-0844,S1,S1-SESS-14722,2024-12-01,2,3,2,3,3,2.6,power_user
TI3-0845,S3,S3-SESS-12122,2024-11-11,4,4,3,4,4,3.8,power_user
TI3-0846,S4,S4-SESS-36429,2024-10-26,4,4,4,3,4,3.8,power_user
TI3-0847,S1,S1-SESS-64287,2024-11-10,4,3,2,1,3,2.6,new_user
TI3-0848,S3,S3-SESS-19392,2024-12-31,4,2,3,4,3,3.2,regular_user
TI3-0849,S4,S4-SESS-11482,2024-10-28,4,5,4,5,5,4.6,new_user
TI3-0850,S1,S1-SESS-21469,2024-11-24,3,4,2,2,3,2.8,new_user
TI3-0851,S3,S3-SESS-68853,2024-11-12,4,4,3,4,4,3.8,power_user
TI3-0852,S4,S4-SESS-83730,2024-11-04,5,5,4,4,5,4.6,regular_user
TI3-0853,S1,S1-SESS-37941,2024-12-10,3,3,1,2,3,2.4,regular_user
TI3-0854,S3,S3-SESS-73307,2024-11-29,5,5,4,4,3,4.2,power_user
TI3-0855,S4,S4-SESS-85697,2024-12-25,4,4,4,5,5,4.4,regular_user
TI3-0856,S1,S1-SESS-15645,2024-11-05,2,2,3,3,2,2.4,regular_user
TI3-0857,S3,S3-SESS-82313,2024-12-27,4,4,4,3,2,3.4,regular_user
TI3-0858,S4,S4-SESS-02300,2024-11-03,4,5,4,4,5,4.4,power_user
TI3-0859,S1,S1-SESS-47339,2024-11-23,2,3,2,3,3,2.6,new_user
TI3-0860,S3,S3-SESS-10070,2024-12-05,4,4,3,4,5,4.0,power_user
TI3-0861,S4,S4-SESS-89781,2024-11-08,4,4,5,5,3,4.2,regular_user
TI3-0862,S1,S1-SESS-18838,2024-10-02,2,2,2,4,3,2.6,power_user
TI3-0863,S3,S3-SESS-20258,2024-12-04,3,4,3,4,4,3.6,power_user
TI3-0864,S4,S4-SESS-68899,2024-12-08,4,5,3,3,4,3.8,new_user
TI3-0865,S1,S1-SESS-02278,2024-12-01,2,2,3,3,4,2.8,regular_user
TI3-0866,S3,S3-SESS-78336,2024-12-06,4,3,4,4,2,3.4,regular_user
TI3-0867,S4,S4-SESS-90184,2024-10-30,5,5,4,4,5,4.6,regular_user
TI3-0868,S1,S1-SESS-14644,2024-10-10,4,3,3,4,3,3.4,power_user
TI3-0869,S3,S3-SESS-07769,2024-11-30,4,3,4,4,4,3.8,power_user
TI3-0870,S4,S4-SESS-12649,2024-10-16,4,5,4,4,5,4.4,new_user
TI3-0871,S1,S1-SESS-36357,2024-12-14,3,4,3,3,4,3.4,regular_user
TI3-0872,S3,S3-SESS-66180,2024-12-12,4,3,5,4,3,3.8,power_user
TI3-0873,S4,S4-SESS-98831,2024-12-08,5,5,5,4,5,4.8,power_user
TI3-0874,S1,S1-SESS-92768,2024-11-30,3,3,3,3,4,3.2,regular_user
TI3-0875,S3,S3-SESS-55587,2024-10-28,4,3,4,3,5,3.8,new_user
TI3-0876,S4,S4-SESS-14460,2024-12-06,3,4,5,5,4,4.2,power_user
TI3-0877,S1,S1-SESS-50435,2024-11-06,2,3,3,4,4,3.2,regular_user
TI3-0878,S3,S3-SESS-72603,2024-11-22,4,3,3,4,4,3.6,regular_user
TI3-0879,S4,S4-SESS-48162,2024-10-23,5,4,5,3,5,4.4,power_user
TI3-0880,S1,S1-SESS-86318,2024-12-26,1,4,3,3,3,2.8,power_user
TI3-0881,S3,S3-SESS-22115,2024-10-09,4,4,3,2,4,3.4,regular_user
TI3-0882,S4,S4-SESS-16091,2024-10-30,3,5,4,3,3,3.6,regular_user
TI3-0883,S1,S1-SESS-84389,2024-11-21,3,2,3,2,3,2.6,regular_user
TI3-0884,S3,S3-SESS-36555,2024-10-19,5,3,4,3,4,3.8,regular_user
TI3-0885,S4,S4-SESS-06928,2024-10-09,5,5,3,4,5,4.4,regular_user
TI3-0886,S1,S1-SESS-20020,2024-11-08,3,2,1,2,4,2.4,new_user
TI3-0887,S3,S3-SESS-38478,2024-12-24,3,3,3,3,3,3.0,regular_user
TI3-0888,S4,S4-SESS-71647,2024-10-03,4,4,4,4,5,4.2,power_user
TI3-0889,S1,S1-SESS-04717,2024-10-05,4,3,3,3,3,3.2,power_user
TI3-0890,S3,S3-SESS-64420,2024-11-25,3,2,3,3,5,3.2,power_user
TI3-0891,S4,S4-SESS-70700,2024-12-13,4,5,5,4,4,4.4,regular_user
TI3-0892,S1,S1-SESS-64841,2024-12-15,3,1,3,2,3,2.4,regular_user
TI3-0893,S3,S3-SESS-48027,2024-11-14,3,3,4,4,4,3.6,new_user
TI3-0894,S4,S4-SESS-56119,2024-11-14,4,3,4,4,4,3.8,regular_user
TI3-0895,S1,S1-SESS-90177,2024-10-09,3,3,3,3,3,3.0,regular_user
TI3-0896,S3,S3-SESS-86215,2024-11-24,4,4,4,4,4,4.0,new_user
TI3-0897,S4,S4-SESS-74758,2024-11-19,4,4,5,5,5,4.6,regular_user
TI3-0898,S1,S1-SESS-44036,2024-12-03,3,2,2,4,3,2.8,new_user
TI3-0899,S3,S3-SESS-83289,2024-10-10,4,3,4,4,4,3.8,new_user
TI3-0900,S4,S4-SESS-29608,2024-12-19,4,5,5,4,5,4.6,new_user
TI3-0901,S1,S1-SESS-69608,2024-11-30,4,3,2,2,3,2.8,regular_user
TI3-0902,S3,S3-SESS-39310,2024-11-25,5,4,5,3,3,4.0,new_user
TI3-0903,S4,S4-SESS-23672,2024-10-03,4,4,4,5,3,4.0,new_user
TI3-0904,S1,S1-SESS-97283,2024-11-29,3,2,1,2,3,2.2,regular_user
TI3-0905,S3,S3-SESS-82151,2024-10-08,5,3,3,3,3,3.4,new_user
TI3-0906,S4,S4-SESS-39358,2024-11-25,5,5,5,5,5,5.0,regular_user
TI3-0907,S1,S1-SESS-84679,2024-10-21,2,4,3,3,2,2.8,regular_user
TI3-0908,S3,S3-SESS-03632,2024-11-01,4,4,3,4,4,3.8,regular_user
TI3-0909,S4,S4-SESS-17883,2024-10-04,4,5,4,5,5,4.6,regular_user
TI3-0910,S1,S1-SESS-05536,2024-12-02,3,3,2,2,2,2.4,power_user
TI3-0911,S3,S3-SESS-47637,2024-12-25,5,4,4,4,5,4.4,new_user
TI3-0912,S4,S4-SESS-30939,2024-10-15,5,5,4,5,3,4.4,new_user
TI3-0913,S1,S1-SESS-33005,2024-12-03,3,1,1,3,4,2.4,power_user
TI3-0914,S3,S3-SESS-76589,2024-11-19,3,4,4,4,3,3.6,new_user
TI3-0915,S4,S4-SESS-53527,2024-11-02,4,3,5,5,5,4.4,new_user
TI3-0916,S1,S1-SESS-71532,2024-11-24,3,4,3,3,2,3.0,regular_user
TI3-0917,S3,S3-SESS-40393,2024-10-03,3,2,5,3,3,3.2,new_user
TI3-0918,S4,S4-SESS-07167,2024-12-28,5,5,4,5,4,4.6,new_user
TI3-0919,S1,S1-SESS-15998,2024-12-08,3,4,2,4,2,3.0,power_user
TI3-0920,S3,S3-SESS-33494,2024-11-08,5,4,3,4,3,3.8,power_user
TI3-0921,S4,S4-SESS-41574,2024-12-22,5,4,4,5,5,4.6,regular_user
TI3-0922,S1,S1-SESS-64448,2024-11-30,3,3,2,4,3,3.0,new_user
TI3-0923,S3,S3-SESS-91552,2024-11-03,3,4,3,2,4,3.2,new_user
TI3-0924,S4,S4-SESS-42831,2024-11-28,3,5,5,4,4,4.2,new_user
TI3-0925,S1,S1-SESS-52516,2024-10-26,3,3,2,2,3,2.6,new_user
TI3-0926,S3,S3-SESS-93529,2024-12-23,3,3,5,4,4,3.8,power_user
TI3-0927,S4,S4-SESS-34168,2024-10-23,5,4,5,4,3,4.2,new_user
TI3-0928,S1,S1-SESS-48183,2024-10-24,3,2,2,3,3,2.6,regular_user
TI3-0929,S3,S3-SESS-84818,2024-12-18,5,3,4,3,5,4.0,new_user
TI3-0930,S4,S4-SESS-22120,2024-10-07,4,4,5,4,5,4.4,regular_user
TI3-0931,S1,S1-SESS-01851,2024-12-31,2,2,4,4,3,3.0,new_user
TI3-0932,S3,S3-SESS-15534,2024-10-29,5,2,4,3,4,3.6,new_user
TI3-0933,S4,S4-SESS-56533,2024-10-27,5,5,5,4,4,4.6,new_user
TI3-0934,S1,S1-SESS-23642,2024-11-22,2,3,4,3,2,2.8,power_user
TI3-0935,S3,S3-SESS-84835,2024-11-28,5,4,4,5,4,4.4,power_user
TI3-0936,S4,S4-SESS-90028,2024-10-28,5,5,4,4,5,4.6,new_user
TI3-0937,S1,S1-SESS-30782,2024-11-30,2,3,3,3,3,2.8,regular_user
TI3-0938,S3,S3-SESS-98074,2024-10-06,4,5,4,5,4,4.4,power_user
TI3-0939,S4,S4-SESS-73343,2024-10-06,4,5,4,5,3,4.2,new_user
TI3-0940,S1,S1-SESS-61353,2024-10-17,4,3,3,2,3,3.0,power_user
TI3-0941,S3,S3-SESS-36832,2024-11-16,3,5,4,4,4,4.0,regular_user
TI3-0942,S4,S4-SESS-34572,2024-12-06,5,4,5,4,4,4.4,regular_user
TI3-0943,S1,S1-SESS-86170,2024-12-21,2,3,3,2,4,2.8,regular_user
TI3-0944,S3,S3-SESS-34109,2024-10-21,3,4,4,4,4,3.8,new_user
TI3-0945,S4,S4-SESS-73513,2024-12-02,4,5,5,4,2,4.0,regular_user
TI3-0946,S1,S1-SESS-12266,2024-10-27,4,1,3,3,3,2.8,regular_user
TI3-0947,S3,S3-SESS-76487,2024-10-01,4,4,3,4,4,3.8,new_user
TI3-0948,S4,S4-SESS-65289,2024-12-26,4,4,4,5,4,4.2,power_user
TI3-0949,S1,S1-SESS-13903,2024-11-11,3,3,2,2,2,2.4,power_user
TI3-0950,S3,S3-SESS-82360,2024-11-04,4,5,4,4,3,4.0,new_user
TI3-0951,S4,S4-SESS-96249,2024-12-12,4,4,5,5,3,4.2,power_user
TI3-0952,S1,S1-SESS-07280,2024-10-10,3,3,3,2,2,2.6,new_user
TI3-0953,S3,S3-SESS-11691,2024-10-03,4,4,3,4,5,4.0,power_user
TI3-0954,S4,S4-SESS-85730,2024-10-20,4,5,5,4,5,4.6,power_user
TI3-0955,S1,S1-SESS-47061,2024-12-25,2,4,3,1,4,2.8,power_user
TI3-0956,S3,S3-SESS-62448,2024-11-04,3,4,3,2,4,3.2,new_user
TI3-0957,S4,S4-SESS-12183,2024-10-06,4,4,4,5,5,4.4,new_user
TI3-0958,S1,S1-SESS-20326,2024-12-03,4,2,3,3,4,3.2,new_user
TI3-0959,S3,S3-SESS-19479,2024-10-17,3,3,4,4,4,3.6,new_user
TI3-0960,S4,S4-SESS-06256,2024-12-10,4,5,4,4,4,4.2,power_user
TI3-0961,S1,S1-SESS-33212,2024-11-15,4,2,2,3,2,2.6,regular_user
TI3-0962,S3,S3-SESS-60671,2024-10-23,4,3,3,5,4,3.8,power_user
TI3-0963,S4,S4-SESS-99268,2024-12-25,5,4,4,5,4,4.4,regular_user
TI3-0964,S1,S1-SESS-24536,2024-10-28,4,2,2,4,3,3.0,power_user
TI3-0965,S3,S3-SESS-51765,2024-10-15,5,5,4,5,4,4.6,power_user
TI3-0966,S4,S4-SESS-97550,2024-12-17,5,5,5,4,3,4.4,new_user
TI3-0967,S1,S1-SESS-51774,2024-11-08,2,3,3,3,2,2.6,power_user
TI3-0968,S3,S3-SESS-24671,2024-10-04,3,4,4,4,4,3.8,power_user
TI3-0969,S4,S4-SESS-11285,2024-11-08,4,4,5,5,5,4.6,regular_user
TI3-0970,S1,S1-SESS-96834,2024-12-29,2,3,3,4,4,3.2,regular_user
TI3-0971,S3,S3-SESS-51346,2024-10-07,5,4,4,3,4,4.0,regular_user
TI3-0972,S4,S4-SESS-64973,2024-12-14,5,5,4,4,3,4.2,new_user
TI3-0973,S1,S1-SESS-88955,2024-12-02,2,1,3,3,2,2.2,power_user
TI3-0974,S3,S3-SESS-08325,2024-11-04,4,4,3,3,4,3.6,new_user
TI3-0975,S4,S4-SESS-02728,2024-10-21,4,5,3,5,4,4.2,regular_user
TI3-0976,S1,S1-SESS-77026,2024-12-27,4,3,2,2,3,2.8,regular_user
TI3-0977,S3,S3-SESS-51167,2024-11-23,5,3,4,3,5,4.0,new_user
TI3-0978,S4,S4-SESS-21238,2024-12-19,4,4,4,3,5,4.0,power_user
TI3-0979,S1,S1-SESS-13226,2024-11-23,3,4,3,2,3,3.0,regular_user
TI3-0980,S3,S3-SESS-34185,2024-11-15,5,4,4,4,4,4.2,new_user
TI3-0981,S4,S4-SESS-80946,2024-10-30,5,5,5,4,5,4.8,power_user
TI3-0982,S1,S1-SESS-06118,2024-12-11,3,2,2,4,3,2.8,regular_user
TI3-0983,S3,S3-SESS-57387,2024-11-28,5,3,4,3,4,3.8,power_user
TI3-0984,S4,S4-SESS-13353,2024-12-11,5,5,4,3,4,4.2,power_user
TI3-0985,S1,S1-SESS-92821,2024-11-26,2,3,3,3,2,2.6,new_user
TI3-0986,S3,S3-SESS-18059,2024-10-16,5,2,4,4,4,3.8,power_user
TI3-0987,S4,S4-SESS-66195,2024-10-22,4,5,5,4,5,4.6,power_user
TI3-0988,S1,S1-SESS-32172,2024-10-20,2,3,4,2,3,2.8,new_user
TI3-0989,S3,S3-SESS-67654,2024-12-27,3,4,4,3,3,3.4,regular_user
TI3-0990,S4,S4-SESS-67810,2024-10-09,5,5,4,5,3,4.4,power_user
TI3-0991,S1,S1-SESS-84079,2024-10-20,2,3,3,2,3,2.6,new_user
TI3-0992,S3,S3-SESS-68129,2024-11-07,4,5,4,4,3,4.0,regular_user
TI3-0993,S4,S4-SESS-01036,2024-11-05,4,5,4,4,4,4.2,new_user
TI3-0994,S1,S1-SESS-71359,2024-12-19,1,2,3,2,3,2.2,new_user
TI3-0995,S3,S3-SESS-39523,2024-10-11,3,3,5,3,3,3.4,power_user
TI3-0996,S4,S4-SESS-68220,2024-12-09,5,4,4,4,3,4.0,regular_user
TI3-0997,S1,S1-SESS-70771,2024-12-15,3,4,3,3,3,3.2,regular_user
TI3-0998,S3,S3-SESS-14476,2024-10-08,4,4,5,3,2,3.6,regular_user
TI3-0999,S4,S4-SESS-75031,2024-10-01,4,5,5,5,5,4.8,regular_user
TI3-1000,S1,S1-SESS-93671,2024-12-20,3,3,3,3,2,2.8,new_user
TI3-1001,S3,S3-SESS-88138,2024-10-18,3,4,3,4,4,3.6,new_user
TI3-1002,S4,S4-SESS-25239,2024-11-16,3,4,5,5,5,4.4,regular_user
TI3-1003,S1,S1-SESS-62424,2024-10-28,4,3,3,3,4,3.4,regular_user
TI3-1004,S3,S3-SESS-51745,2024-11-03,4,5,4,3,4,4.0,new_user
TI3-1005,S4,S4-SESS-21345,2024-10-19,4,4,3,5,3,3.8,new_user
TI3-1006,S1,S1-SESS-69356,2024-10-16,3,4,4,4,4,3.8,new_user
TI3-1007,S3,S3-SESS-78853,2024-11-22,4,5,4,2,3,3.6,power_user
TI3-1008,S4,S4-SESS-48689,2024-11-09,5,5,5,5,5,5.0,regular_user
TI3-1009,S1,S1-SESS-39999,2024-11-06,3,4,3,2,3,3.0,power_user
TI3-1010,S3,S3-SESS-08856,2024-10-06,4,4,5,5,4,4.4,regular_user
TI3-1011,S4,S4-SESS-79392,2024-10-17,4,5,4,5,3,4.2,power_user
TI3-1012,S1,S1-SESS-95403,2024-11-11,4,2,3,2,3,2.8,power_user
TI3-1013,S3,S3-SESS-87877,2024-11-26,4,3,3,4,3,3.4,new_user
TI3-1014,S4,S4-SESS-82590,2024-12-30,5,4,5,5,5,4.8,regular_user
TI3-1015,S1,S1-SESS-06931,2024-12-12,2,3,2,3,2,2.4,new_user
TI3-1016,S3,S3-SESS-69712,2024-10-24,3,4,4,4,4,3.8,power_user
TI3-1017,S4,S4-SESS-69933,2024-12-17,4,5,5,3,4,4.2,regular_user
TI3-1018,S1,S1-SESS-57281,2024-10-24,3,3,3,3,3,3.0,regular_user
TI3-1019,S3,S3-SESS-37402,2024-10-19,5,4,4,4,5,4.4,power_user
TI3-1020,S4,S4-SESS-22177,2024-10-08,4,4,5,4,5,4.4,new_user
TI3-1021,S1,S1-SESS-42496,2024-11-03,3,3,3,2,3,2.8,regular_user
TI3-1022,S3,S3-SESS-78251,2024-12-15,4,5,3,4,4,4.0,power_user
TI3-1023,S4,S4-SESS-53357,2024-10-09,3,5,4,5,5,4.4,regular_user
TI3-1024,S1,S1-SESS-72624,2024-12-15,3,4,3,3,3,3.2,new_user
TI3-1025,S3,S3-SESS-83336,2024-12-04,5,4,4,3,3,3.8,power_user
TI3-1026,S4,S4-SESS-32134,2024-12-08,4,5,4,4,4,4.2,regular_user
TI3-1027,S1,S1-SESS-85598,2024-10-22,4,3,4,3,4,3.6,power_user
TI3-1028,S3,S3-SESS-89129,2024-11-18,4,5,4,4,4,4.2,regular_user
TI3-1029,S4,S4-SESS-09167,2024-11-08,5,4,5,4,5,4.6,power_user
TI3-1030,S1,S1-SESS-36630,2024-11-25,4,3,3,3,3,3.2,power_user
TI3-1031,S3,S3-SESS-98658,2024-12-30,2,3,3,5,3,3.2,regular_user
TI3-1032,S4,S4-SESS-78580,2024-11-12,5,4,5,4,5,4.6,power_user
TI3-1033,S1,S1-SESS-22746,2024-11-22,3,3,4,2,3,3.0,new_user
TI3-1034,S3,S3-SESS-85079,2024-12-23,4,5,3,4,3,3.8,power_user
TI3-1035,S4,S4-SESS-49333,2024-12-16,3,4,5,4,5,4.2,regular_user
TI3-1036,S1,S1-SESS-16354,2024-11-29,4,2,4,4,1,3.0,regular_user
TI3-1037,S3,S3-SESS-46901,2024-10-25,4,3,4,4,3,3.6,power_user
TI3-1038,S4,S4-SESS-64725,2024-11-16,5,5,4,5,4,4.6,power_user
TI3-1039,S1,S1-SESS-51916,2024-10-15,3,4,3,2,3,3.0,regular_user
TI3-1040,S3,S3-SESS-74149,2024-12-26,5,3,3,3,3,3.4,new_user
TI3-1041,S4,S4-SESS-29880,2024-12-06,4,4,3,4,5,4.0,new_user
TI3-1042,S1,S1-SESS-90832,2024-12-26,4,3,2,2,1,2.4,new_user
TI3-1043,S3,S3-SESS-85201,2024-10-07,3,3,4,4,3,3.4,regular_user
TI3-1044,S4,S4-SESS-61157,2024-12-03,5,2,5,4,5,4.2,regular_user
TI3-1045,S1,S1-SESS-41451,2024-10-01,3,3,3,3,4,3.2,regular_user
TI3-1046,S3,S3-SESS-96659,2024-10-29,3,4,4,4,4,3.8,new_user
TI3-1047,S4,S4-SESS-12679,2024-10-04,4,5,4,5,4,4.4,regular_user
TI3-1048,S1,S1-SESS-32822,2024-11-01,4,3,3,3,1,2.8,power_user
TI3-1049,S3,S3-SESS-09557,2024-12-16,2,4,4,3,3,3.2,new_user
TI3-1050,S4,S4-SESS-07955,2024-10-05,4,4,5,4,5,4.4,regular_user
TI3-1051,S1,S1-SESS-39515,2024-12-18,2,4,3,3,3,3.0,new_user
TI3-1052,S3,S3-SESS-49999,2024-11-21,3,3,4,4,4,3.6,power_user
TI3-1053,S4,S4-SESS-60845,2024-11-24,4,4,5,4,4,4.2,new_user
TI3-1054,S1,S1-SESS-59517,2024-12-06,2,2,2,4,2,2.4,regular_user
TI3-1055,S3,S3-SESS-75133,2024-10-17,3,4,5,4,3,3.8,new_user
TI3-1056,S4,S4-SESS-24370,2024-11-01,4,4,4,3,5,4.0,power_user
TI3-1057,S1,S1-SESS-40789,2024-12-14,3,3,3,3,4,3.2,new_user
TI3-1058,S3,S3-SESS-48344,2024-10-02,3,4,3,4,4,3.6,new_user
TI3-1059,S4,S4-SESS-55321,2024-11-14,4,4,5,5,5,4.6,power_user
TI3-1060,S1,S1-SESS-24820,2024-12-25,2,4,3,3,3,3.0,regular_user
TI3-1061,S3,S3-SESS-80754,2024-11-08,3,2,3,3,2,2.6,regular_user
TI3-1062,S4,S4-SESS-65003,2024-10-29,4,4,5,5,3,4.2,power_user
TI3-1063,S1,S1-SESS-43453,2024-11-18,2,2,2,3,2,2.2,power_user
TI3-1064,S3,S3-SESS-46909,2024-10-04,4,3,5,4,4,4.0,new_user
TI3-1065,S4,S4-SESS-03891,2024-10-26,5,5,5,5,4,4.8,power_user
TI3-1066,S1,S1-SESS-72681,2024-11-01,3,3,3,3,3,3.0,power_user
TI3-1067,S3,S3-SESS-85836,2024-10-15,4,4,4,4,4,4.0,regular_user
TI3-1068,S4,S4-SESS-86627,2024-10-22,4,5,4,5,5,4.6,new_user
TI3-1069,S1,S1-SESS-17144,2024-10-25,5,2,4,2,3,3.2,power_user
TI3-1070,S3,S3-SESS-83381,2024-11-01,4,3,4,3,4,3.6,power_user
TI3-1071,S4,S4-SESS-82505,2024-11-05,5,4,5,4,5,4.6,power_user
TI3-1072,S1,S1-SESS-10671,2024-11-30,3,4,1,3,2,2.6,new_user
TI3-1073,S3,S3-SESS-68013,2024-11-29,3,3,3,5,4,3.6,power_user
TI3-1074,S4,S4-SESS-64854,2024-11-30,4,4,5,4,3,4.0,regular_user
TI3-1075,S1,S1-SESS-59256,2024-10-31,2,2,3,2,3,2.4,regular_user
TI3-1076,S3,S3-SESS-49035,2024-11-02,5,4,4,3,4,4.0,new_user
TI3-1077,S4,S4-SESS-67144,2024-12-19,5,5,4,5,4,4.6,regular_user
TI3-1078,S1,S1-SESS-41553,2024-11-04,3,2,3,2,3,2.6,regular_user
TI3-1079,S3,S3-SESS-65768,2024-12-05,4,4,4,4,4,4.0,new_user
TI3-1080,S4,S4-SESS-09352,2024-11-16,4,4,3,5,4,4.0,power_user
TI3-1081,S1,S1-SESS-35975,2024-10-25,2,3,3,2,3,2.6,new_user
TI3-1082,S3,S3-SESS-71189,2024-11-03,3,3,4,4,3,3.4,power_user
TI3-1083,S4,S4-SESS-99328,2024-12-23,5,4,3,5,5,4.4,power_user
TI3-1084,S1,S1-SESS-52102,2024-10-30,2,2,3,3,2,2.4,power_user
TI3-1085,S3,S3-SESS-60477,2024-11-13,4,3,4,5,3,3.8,power_user
TI3-1086,S4,S4-SESS-27471,2024-11-26,4,4,5,5,3,4.2,regular_user
TI3-1087,S1,S1-SESS-65510,2024-12-24,3,3,4,4,2,3.2,regular_user
TI3-1088,S3,S3-SESS-90508,2024-12-08,5,3,4,3,3,3.6,regular_user
TI3-1089,S4,S4-SESS-43287,2024-12-12,4,5,5,3,5,4.4,new_user
TI3-1090,S1,S1-SESS-49981,2024-10-27,4,3,1,2,2,2.4,regular_user
TI3-1091,S3,S3-SESS-39931,2024-10-12,4,4,3,4,5,4.0,power_user
TI3-1092,S4,S4-SESS-64044,2024-10-04,4,5,5,5,5,4.8,power_user
TI3-1093,S1,S1-SESS-59594,2024-10-08,3,4,2,3,3,3.0,regular_user
TI3-1094,S3,S3-SESS-20583,2024-10-15,5,3,4,4,3,3.8,power_user
TI3-1095,S4,S4-SESS-26959,2024-11-09,4,4,5,5,5,4.6,regular_user
TI3-1096,S1,S1-SESS-40674,2024-12-15,3,3,2,3,4,3.0,power_user
TI3-1097,S3,S3-SESS-52329,2024-12-17,3,4,4,4,4,3.8,power_user
TI3-1098,S4,S4-SESS-75515,2024-10-06,5,3,4,5,4,4.2,new_user
TI3-1099,S1,S1-SESS-51261,2024-12-18,4,3,3,2,3,3.0,power_user
TI3-1100,S3,S3-SESS-50419,2024-12-24,3,3,4,3,3,3.2,power_user
TI3-1101,S4,S4-SESS-82325,2024-12-08,4,4,4,4,5,4.2,regular_user
TI3-1102,S1,S1-SESS-64683,2024-11-22,3,3,3,3,1,2.6,new_user
TI3-1103,S3,S3-SESS-21606,2024-11-02,4,4,4,3,4,3.8,power_user
TI3-1104,S4,S4-SESS-98270,2024-11-29,4,4,4,5,5,4.4,regular_user
TI3-1105,S1,S1-SESS-17889,2024-11-11,2,3,3,3,3,2.8,new_user
TI3-1106,S3,S3-SESS-31758,2024-12-31,5,4,3,5,4,4.2,regular_user
TI3-1107,S4,S4-SESS-38555,2024-10-16,5,5,5,4,5,4.8,new_user
TI3-1108,S1,S1-SESS-35816,2024-10-20,3,3,2,3,3,2.8,regular_user
TI3-1109,S3,S3-SESS-83204,2024-12-06,3,4,5,4,4,4.0,new_user
TI3-1110,S4,S4-SESS-58195,2024-10-07,5,4,4,5,5,4.6,new_user
TI3-1111,S1,S1-SESS-11979,2024-10-03,4,3,3,1,2,2.6,regular_user
TI3-1112,S3,S3-SESS-08281,2024-10-29,4,4,4,4,3,3.8,power_user
TI3-1113,S4,S4-SESS-42880,2024-11-11,5,3,5,5,4,4.4,new_user
TI3-1114,S1,S1-SESS-56084,2024-10-16,3,2,2,3,3,2.6,power_user
TI3-1115,S3,S3-SESS-60133,2024-10-29,4,4,4,4,3,3.8,power_user
TI3-1116,S4,S4-SESS-28648,2024-11-22,5,4,4,4,4,4.2,regular_user
TI3-1117,S1,S1-SESS-74607,2024-10-22,3,2,4,3,3,3.0,regular_user
TI3-1118,S3,S3-SESS-88854,2024-12-28,2,5,4,5,4,4.0,power_user
TI3-1119,S4,S4-SESS-43923,2024-10-03,4,5,5,4,5,4.6,new_user
TI3-1120,S1,S1-SESS-65985,2024-12-15,2,3,2,2,3,2.4,new_user
TI3-1121,S3,S3-SESS-99254,2024-11-01,4,4,3,3,3,3.4,new_user
TI3-1122,S4,S4-SESS-49251,2024-10-27,5,5,5,4,4,4.6,new_user
TI3-1123,S1,S1-SESS-36455,2024-11-10,4,3,1,2,3,2.6,new_user
TI3-1124,S3,S3-SESS-37809,2024-10-04,3,4,4,4,3,3.6,power_user
TI3-1125,S4,S4-SESS-32551,2024-12-27,5,4,4,5,5,4.6,new_user
TI3-1126,S1,S1-SESS-57982,2024-12-20,2,3,2,2,3,2.4,power_user
TI3-1127,S3,S3-SESS-16458,2024-10-12,4,4,4,4,5,4.2,power_user
TI3-1128,S4,S4-SESS-10246,2024-11-24,4,3,4,5,4,4.0,new_user
TI3-1129,S1,S1-SESS-75553,2024-11-27,2,3,3,3,2,2.6,new_user
TI3-1130,S3,S3-SESS-47132,2024-11-20,3,4,5,2,4,3.6,regular_user
TI3-1131,S4,S4-SESS-63177,2024-10-03,5,5,3,4,5,4.4,regular_user
TI3-1132,S1,S1-SESS-70412,2024-10-20,2,3,3,3,2,2.6,new_user
TI3-1133,S3,S3-SESS-09430,2024-11-12,4,3,3,4,3,3.4,power_user
TI3-1134,S4,S4-SESS-65628,2024-11-17,5,4,4,5,4,4.4,regular_user
TI3-1135,S1,S1-SESS-77111,2024-10-10,2,3,2,4,2,2.6,regular_user
TI3-1136,S3,S3-SESS-21282,2024-10-25,4,5,2,5,5,4.2,regular_user
TI3-1137,S4,S4-SESS-48259,2024-12-29,5,4,4,4,4,4.2,power_user
TI3-1138,S1,S1-SESS-04523,2024-11-16,2,2,2,3,2,2.2,new_user
TI3-1139,S3,S3-SESS-19316,2024-11-02,4,4,4,3,2,3.4,power_user
TI3-1140,S4,S4-SESS-12099,2024-12-22,3,3,3,5,4,3.6,new_user
TI3-1141,S1,S1-SESS-55437,2024-10-22,3,2,2,2,2,2.2,regular_user
TI3-1142,S3,S3-SESS-50173,2024-12-15,4,4,4,5,4,4.2,regular_user
TI3-1143,S4,S4-SESS-45141,2024-10-19,4,3,5,4,5,4.2,regular_user
TI3-1144,S1,S1-SESS-22073,2024-12-02,3,3,1,2,3,2.4,power_user
TI3-1145,S3,S3-SESS-23122,2024-11-17,5,4,3,4,4,4.0,power_user
TI3-1146,S4,S4-SESS-59070,2024-12-12,5,4,4,5,5,4.6,power_user
TI3-1147,S1,S1-SESS-53582,2024-11-26,3,3,3,4,3,3.2,new_user
TI3-1148,S3,S3-SESS-11234,2024-11-18,5,4,4,4,4,4.2,power_user
TI3-1149,S4,S4-SESS-08003,2024-11-04,4,5,4,4,4,4.2,power_user
TI3-1150,S1,S1-SESS-00952,2024-11-18,3,2,2,3,3,2.6,new_user
TI3-1151,S3,S3-SESS-44113,2024-11-17,2,4,4,5,4,3.8,new_user
TI3-1152,S4,S4-SESS-87174,2024-11-21,3,5,3,5,3,3.8,regular_user
TI3-1153,S1,S1-SESS-52666,2024-10-18,1,2,4,2,4,2.6,power_user
TI3-1154,S3,S3-SESS-32577,2024-11-17,4,3,3,4,5,3.8,regular_user
TI3-1155,S4,S4-SESS-42230,2024-10-03,4,4,4,5,5,4.4,new_user
TI3-1156,S1,S1-SESS-58237,2024-10-30,5,3,3,3,2,3.2,new_user
TI3-1157,S3,S3-SESS-62407,2024-12-24,3,4,4,3,5,3.8,new_user
TI3-1158,S4,S4-SESS-18765,2024-12-06,4,5,4,4,5,4.4,new_user
TI3-1159,S1,S1-SESS-71926,2024-11-29,3,2,4,3,4,3.2,power_user
TI3-1160,S3,S3-SESS-31898,2024-10-28,4,5,3,3,4,3.8,power_user
TI3-1161,S4,S4-SESS-42796,2024-11-19,4,3,5,5,4,4.2,regular_user
TI3-1162,S1,S1-SESS-16135,2024-12-25,2,3,3,1,3,2.4,power_user
TI3-1163,S3,S3-SESS-75494,2024-12-16,5,3,3,4,4,3.8,power_user
TI3-1164,S4,S4-SESS-50024,2024-12-23,5,4,4,4,3,4.0,new_user
TI3-1165,S1,S1-SESS-14600,2024-10-12,3,1,2,3,3,2.4,regular_user
TI3-1166,S3,S3-SESS-48201,2024-10-17,4,4,2,4,3,3.4,regular_user
TI3-1167,S4,S4-SESS-55536,2024-11-10,5,4,5,4,3,4.2,regular_user
TI3-1168,S1,S1-SESS-77435,2024-10-29,2,3,1,4,4,2.8,power_user
TI3-1169,S3,S3-SESS-65515,2024-12-27,3,4,3,4,5,3.8,regular_user
TI3-1170,S4,S4-SESS-92140,2024-10-05,4,5,5,4,3,4.2,new_user
TI3-1171,S1,S1-SESS-82717,2024-10-28,2,4,3,2,3,2.8,regular_user
TI3-1172,S3,S3-SESS-20015,2024-12-31,3,3,5,5,4,4.0,power_user
TI3-1173,S4,S4-SESS-63899,2024-11-20,5,3,5,5,5,4.6,regular_user
TI3-1174,S1,S1-SESS-71820,2024-11-20,2,4,3,4,1,2.8,regular_user
TI3-1175,S3,S3-SESS-37011,2024-12-29,3,4,3,4,5,3.8,power_user
TI3-1176,S4,S4-SESS-76073,2024-10-07,5,4,4,5,5,4.6,new_user
TI3-1177,S1,S1-SESS-27495,2024-10-28,2,4,2,2,1,2.2,new_user
TI3-1178,S3,S3-SESS-13363,2024-12-26,4,4,5,3,5,4.2,power_user
TI3-1179,S4,S4-SESS-62112,2024-10-23,3,5,4,4,5,4.2,power_user
TI3-1180,S1,S1-SESS-19474,2024-12-20,3,3,3,2,3,2.8,new_user
TI3-1181,S3,S3-SESS-85564,2024-11-18,4,4,4,5,3,4.0,new_user
TI3-1182,S4,S4-SESS-85238,2024-11-18,3,5,4,5,5,4.4,regular_user
TI3-1183,S1,S1-SESS-66814,2024-10-29,2,2,3,3,4,2.8,power_user
TI3-1184,S3,S3-SESS-12394,2024-12-15,4,2,3,3,4,3.2,power_user
TI3-1185,S4,S4-SESS-93556,2024-12-08,2,5,4,4,5,4.0,power_user
TI3-1186,S1,S1-SESS-69480,2024-12-02,3,2,3,2,4,2.8,power_user
TI3-1187,S3,S3-SESS-86322,2024-10-16,3,4,3,3,5,3.6,power_user
TI3-1188,S4,S4-SESS-41196,2024-10-16,5,5,4,5,4,4.6,power_user
TI3-1189,S1,S1-SESS-16347,2024-12-04,3,3,3,4,3,3.2,regular_user
TI3-1190,S3,S3-SESS-00012,2024-11-01,4,3,4,2,5,3.6,regular_user
TI3-1191,S4,S4-SESS-64284,2024-12-28,5,5,5,4,4,4.6,regular_user
TI3-1192,S1,S1-SESS-27505,2024-12-28,3,1,3,2,3,2.4,power_user
TI3-1193,S3,S3-SESS-17591,2024-12-17,4,4,4,4,4,4.0,new_user
TI3-1194,S4,S4-SESS-09747,2024-12-10,4,5,5,5,5,4.8,regular_user
TI3-1195,S1,S1-SESS-91032,2024-10-19,3,4,3,3,4,3.4,new_user
TI3-1196,S3,S3-SESS-84617,2024-10-25,3,4,5,4,5,4.2,new_user
TI3-1197,S4,S4-SESS-56837,2024-11-18,4,5,5,4,4,4.4,power_user
TI3-1198,S1,S1-SESS-89651,2024-12-10,3,3,3,3,4,3.2,regular_user
TI3-1199,S3,S3-SESS-29592,2024-11-05,5,4,3,4,4,4.0,power_user
TI3-1200,S4,S4-SESS-16188,2024-10-23,5,5,5,5,5,5.0,new_user
